2.526729e-06,0.24120472,0.75879276
6.5123068e-06,0.4558618,0.54413176
1.556776e-06,0.0040720357,0.9959264
9.6619115e-06,0.92991334,0.070077024
2.9784076e-06,0.10331878,0.89667827
9.055597e-05,0.74672467,0.25318474
2.957035e-06,0.001262957,0.99873406
1.04005085e-05,0.66784316,0.3321465
3.716232e-05,0.5508381,0.44912466
1.1983927e-05,0.27045757,0.72953045
1.0697761e-05,0.19090065,0.8090886
3.6017113e-06,0.3536098,0.6463866
3.0997326e-05,0.79519594,0.20477302
2.3106853e-05,0.1264483,0.8735286
1.0965553e-05,0.10302713,0.89696187
1.0716597e-05,0.409526,0.59046334
2.967187e-05,0.45506254,0.5449078
6.6059765e-06,0.56545025,0.4345431
0.00018824662,0.005724916,0.99408686
1.4237825e-06,0.11369023,0.8863083
0.00031130668,0.0047666505,0.9949221
4.161562e-05,0.4623199,0.5376384
9.1178396e-07,0.007934502,0.99206454
1.5887284e-06,0.043462377,0.95653605
1.8974873e-06,0.97430825,0.025689831
2.4347747e-07,0.9889894,0.011010359
1.41741575e-05,0.55198073,0.4480051
6.356777e-06,0.1456779,0.8543157
2.5564077e-06,0.7028259,0.2971715
6.1481337e-06,0.4278146,0.57217926
2.0243529e-06,0.012464792,0.9875332
7.4813865e-06,0.15847684,0.8415157
0.00010922975,0.9752134,0.024677338
1.834647e-05,0.017705703,0.98227596
1.00415755e-05,0.93598723,0.06400275
6.0443385e-06,0.12935627,0.87063766
3.9819846e-05,0.3822093,0.6177508
0.00011482358,0.90104246,0.09884277
2.8258437e-06,0.0017072749,0.9982899
1.4993487e-05,0.5829085,0.41707647
7.2700955e-06,0.0025822087,0.9974105
4.50081e-06,8.5789354e-05,0.99990976
5.484869e-06,0.023013806,0.9769807
7.1441227e-06,0.0015216758,0.9984712
2.959287e-06,0.45111752,0.5488795
6.6759844e-07,0.9912936,0.008705711
1.6478763e-05,0.04186487,0.9581187
1.466361e-06,0.018850932,0.9811476
1.4114152e-05,0.47872862,0.5212572
3.1417542e-06,0.022009335,0.9779875
6.660801e-05,0.005012927,0.99492043
1.1363068e-06,0.7725041,0.2274948
2.301465e-06,0.37425464,0.6257431
4.883519e-06,0.7203103,0.2796848
5.8317205e-06,0.2507245,0.74926966
3.9973756e-06,0.6464261,0.35356992
1.2986773e-05,0.30438587,0.6956011
3.630148e-06,0.00368275,0.99631363
2.2227402e-07,0.99554694,0.004452777
1.064115e-05,0.0073902626,0.9925991
1.9847234e-06,0.9934248,0.0065732347
2.761641e-07,0.0042503052,0.99574935
0.0001866016,0.17796606,0.8218473
5.6827807e-06,0.38906863,0.6109257
0.00013394839,0.006339073,0.99352705
1.0802298e-06,0.009457438,0.9905415
6.0170998e-05,0.6311968,0.368743
3.2997406e-05,0.17041697,0.82955
2.638216e-05,0.23824136,0.7617322
8.0387515e-05,0.8381019,0.1618177
1.2247391e-05,0.8018127,0.198175
3.9002145e-05,0.00086690736,0.9990941
3.2740188e-06,0.9068062,0.09319064
6.5425716e-06,0.024161894,0.97583157
1.7265008e-06,0.018568035,0.98143023
2.6246785e-06,0.964543,0.03545436
1.5921333e-06,0.9711268,0.02887161
0.00031130668,0.0047666505,0.9949221
3.3527547e-06,0.055329908,0.9446668
6.3891853e-06,0.35490125,0.64509237
6.2175673e-06,0.026784573,0.9732092
4.642237e-06,0.8238606,0.17613478
4.3052537e-06,0.15191898,0.8480767
9.998423e-07,0.99517256,0.0048264638
6.703023e-06,0.9894762,0.01051713
5.5101714e-06,0.7301968,0.26979774
1.0469786e-05,0.0008129711,0.99917656
3.393673e-07,0.9994023,0.00059734366
1.5388243e-05,0.009604959,0.9903797
2.4630079e-05,0.9561375,0.04383788
4.5122288e-06,0.071632914,0.92836255
3.3661993e-07,0.99520206,0.0047975825
5.9506547e-06,0.8850961,0.11489797
2.7430815e-06,0.8592512,0.14074604
3.5455734e-05,0.9810316,0.018932963
9.894732e-05,0.08869275,0.9112083
0.0007074733,0.8384249,0.16086769
1.024582e-06,0.991285,0.008713862
6.230381e-05,0.24497727,0.7549605
2.285042e-06,0.25452125,0.7454765
3.2687103e-06,0.0057669026,0.9942298
6.52034e-06,0.904399,0.095594555
8.883217e-07,0.95986766,0.04013137
2.7808376e-06,0.019046573,0.9809506
5.501604e-06,0.00026820606,0.99972624
4.530955e-06,0.53052694,0.46946856
9.876491e-05,0.0715853,0.92831594
7.73213e-07,0.004666348,0.9953329
4.165313e-07,0.0103285285,0.98967105
0.00011674191,0.032554187,0.9673291
1.7940893e-06,0.086081766,0.91391647
1.2261826e-06,0.017736394,0.9822624
0.00033236618,0.08171032,0.9179573
1.0771868e-06,0.9802522,0.019746799
1.1497993e-06,0.9924539,0.0075450153
8.7389094e-07,0.99431276,0.0056863716
4.1203302e-07,0.9972452,0.0027544864
4.9611447e-07,0.009239331,0.9907602
1.4413635e-05,0.72993606,0.27004945
1.9023337e-05,0.013703272,0.98627764
0.00019460305,0.5841579,0.4156475
3.202477e-05,0.08626527,0.9137027
3.7652514e-06,0.5845827,0.41541353
0.00024817357,0.6066024,0.39314947
2.2398422e-06,0.011015779,0.9889819
2.989233e-06,0.0035482508,0.99644876
2.470121e-05,0.033701375,0.96627384
1.0258352e-05,0.9677064,0.032283407
6.4265026e-07,0.0023421668,0.9976572
3.2324726e-05,0.08955659,0.9104111
2.6017233e-07,0.9940392,0.0059605646
4.2388483e-06,0.14280516,0.8571906
2.0049722e-05,0.1922318,0.80774814
1.2037812e-07,0.9985207,0.0014792818
2.7378624e-07,0.9993992,0.00060059235
7.2724147e-06,0.15390226,0.8460905
4.7098587e-07,0.0011701416,0.9988294
0.00013879615,0.18943143,0.8104298
3.9181923e-06,0.6350288,0.36496732
8.511133e-06,0.0037792535,0.99621224
2.7060273e-06,0.11981064,0.8801866
2.188958e-06,0.011456345,0.9885415
3.3879292e-05,0.7784264,0.22153975
1.1387343e-05,0.68077755,0.31921107
0.00020727998,0.06762671,0.93216604
2.9518018e-05,0.009060523,0.99091
8.89127e-05,0.040169697,0.95974135
1.17148975e-05,0.8026306,0.19735768
0.00044190075,0.07212838,0.9274297
0.00024653308,0.08714408,0.9126094
5.049507e-06,0.00073040253,0.99926454
1.1524262e-05,0.17337787,0.8266106
1.2001966e-06,0.99197865,0.008020178
2.6622376e-06,0.43623513,0.5637622
0.0005945697,0.06393912,0.9354663
1.1468038e-06,0.53970695,0.46029195
4.600563e-06,0.5563448,0.44365066
0.0001294942,0.057079867,0.9427906
6.8398854e-06,0.021245878,0.97874725
1.5086372e-06,0.6494952,0.35050339
1.8496027e-06,9.4638985e-05,0.99990356
3.690115e-05,0.007905085,0.992058
3.8670354e-05,0.038285125,0.9616762
3.888691e-05,0.47979823,0.52016294
1.470474e-06,0.053600177,0.9463983
4.906824e-06,0.0026243532,0.9973707
3.371348e-05,0.019055095,0.98091114
3.992742e-06,0.9285721,0.07142394
1.2579873e-06,0.003305337,0.9966934
9.537816e-07,0.007946616,0.99205244
2.1978674e-05,0.16790645,0.8320716
1.7458865e-06,0.13877325,0.861225
1.14288105e-05,0.3297089,0.6702796
3.924174e-06,0.3380624,0.66193366
5.6653193e-06,0.040109746,0.9598846
1.270417e-05,0.3651747,0.6348126
6.4273866e-07,0.006688249,0.99331117
3.935758e-05,0.050676845,0.9492838
1.2005846e-05,0.8115297,0.18845831
5.360719e-06,0.5808929,0.41910174
7.874442e-06,0.8652093,0.1347829
2.2471953e-05,0.11851462,0.881463
1.2499009e-05,0.011942716,0.9880448
2.553143e-05,0.88523835,0.11473607
2.0640805e-06,0.030806892,0.969191
6.717017e-06,0.6277981,0.37219515
7.828071e-06,0.07818747,0.92180467
5.3749623e-06,0.9748207,0.02517396
3.8690396e-05,0.078145504,0.9218158
6.43006e-06,0.6679555,0.33203804
3.5975731e-06,0.018984096,0.98101234
0.0004477761,0.38582438,0.61372775
3.2224787e-05,0.03963928,0.9603285
2.7036904e-06,0.0040095393,0.9959877
2.6537473e-06,0.02088674,0.97911054
2.2566617e-06,0.034712438,0.9652853
5.8854903e-06,0.50576174,0.4942323
7.3762008e-06,0.6795603,0.32043236
2.1982944e-05,0.118790686,0.8811873
0.036023207,0.60782933,0.35614738
0.0066852677,0.25693306,0.73638165
7.699134e-06,0.03849443,0.96149784
2.79827e-06,0.002926992,0.9970702
8.552946e-07,0.97962534,0.020373907
2.0335472e-06,0.122931026,0.8770669
1.5504573e-06,0.93434536,0.06565307
2.5672878e-06,0.8312784,0.16871904
2.9300466e-07,0.99674964,0.003250148
1.635134e-06,0.8778274,0.12217097
5.359769e-07,0.0072033056,0.9927961
3.2404905e-06,0.17981942,0.8201773
1.0574236e-05,0.0071825166,0.9928069
2.7338949e-05,0.89902693,0.10094578
0.000121900885,0.38606492,0.61381316
1.3241381e-05,0.6519968,0.34798995
1.2834369e-06,0.097354695,0.90264404
9.991012e-06,0.00095580384,0.99903417
6.5866343e-06,0.8395926,0.16040085
1.0159619e-05,0.5589726,0.44101727
1.6646262e-06,0.9783725,0.021625869
0.0010961229,0.6467823,0.3521216
6.8115314e-06,0.029688146,0.970305
3.0316908e-06,0.8422453,0.15775174
3.5927135e-07,0.0043430673,0.9956566
3.0926249e-06,0.0015932525,0.9984036
1.5711055e-06,0.92711073,0.072887756
1.2534969e-05,0.16491434,0.8350732
0.00010472377,0.0033395938,0.9965557
8.351109e-06,0.4205197,0.5794719
2.6203868e-05,0.6287733,0.37120053
1.4028324e-06,0.9588061,0.041192584
6.569e-06,0.46497983,0.5350136
3.3785802e-06,0.9289822,0.07101441
5.120904e-06,0.5091854,0.49080953
0.00041334532,0.6867865,0.31280014
2.5832253e-05,0.9571796,0.042794574
7.803081e-05,0.009872758,0.99004924
8.41718e-05,0.002391582,0.9975242
0.0022484676,0.38521218,0.6125393
9.156141e-06,0.6771437,0.32284713
6.0760053e-06,0.979625,0.020368934
0.00075771287,0.26462632,0.734616
8.112557e-08,0.99907637,0.00092344434
7.5282187e-06,0.45286953,0.54712296
0.0002645052,0.16189644,0.83783907
2.3286662e-05,0.1028544,0.8971223
1.4770461e-06,0.01087736,0.98912114
0.0017332792,0.13585493,0.8624118
4.219438e-06,0.00845311,0.9915427
7.0600463e-06,0.28348854,0.7165044
8.183679e-06,0.9508244,0.049167458
4.3693308e-07,0.9237084,0.07629113
3.4610875e-06,0.90915954,0.09083698
2.2361799e-05,0.94857055,0.051407058
2.5692852e-05,0.71628225,0.283692
6.3483117e-06,0.70484626,0.2951474
5.424198e-05,0.024091776,0.97585404
5.61808e-06,0.49409842,0.505896
3.6184701e-06,0.014330497,0.98566586
1.3664775e-05,0.17278144,0.8272049
1.2242854e-05,0.16916305,0.83082473
3.3508152e-06,0.0020306818,0.99796605
1.6469847e-05,0.5237263,0.47625726
1.7889895e-06,0.9486595,0.051338658
0.00016724462,0.08476139,0.9150713
9.122415e-06,0.6225894,0.37740147
2.6145249e-06,0.76793194,0.23206542
1.448291e-05,0.14661545,0.8533701
5.8672267e-06,0.30480242,0.69519174
6.4657564e-07,0.0005001002,0.9994992
2.1256346e-05,0.9231805,0.07679822
6.1361015e-06,0.82500273,0.17499119
3.3580007e-05,0.047365624,0.9526008
1.7204848e-05,0.028411513,0.9715713
6.2657506e-07,0.012548658,0.9874507
8.357427e-06,0.28274152,0.7172501
3.5036934e-05,0.7403991,0.25956586
4.4832973e-06,0.91270334,0.08729224
0.00022484524,0.9721665,0.027608661
2.7129495e-06,0.00337877,0.9966185
3.203744e-06,0.0050960435,0.9949007
7.835242e-07,0.9956736,0.004325584
2.0271955e-05,0.06737284,0.93260694
1.4168537e-05,0.44421616,0.5557697
4.918479e-05,0.5638484,0.43610245
1.3286853e-05,0.7076283,0.2923584
2.1409078e-05,0.2776997,0.72227883
3.8416015e-06,0.003761443,0.9962347
1.0826334e-05,0.4157837,0.5842055
3.0358349e-06,0.036431104,0.9635659
5.2576248e-05,0.41765207,0.5822953
0.00031130668,0.0047666505,0.9949221
4.018379e-06,0.07710559,0.9228903
3.7376283e-06,0.124439195,0.87555707
1.295475e-06,0.022571113,0.9774276
3.1949088e-07,0.99712986,0.0028698035
1.7255608e-05,0.29513264,0.70485014
1.5016673e-05,0.07619608,0.92378885
2.6341581e-06,0.121046856,0.87895054
1.2267454e-06,0.9433508,0.056648053
4.249801e-06,0.011362747,0.988633
2.5514284e-05,0.26975515,0.73021936
8.589524e-06,0.05914356,0.9408479
1.7068118e-05,0.029039247,0.9709437
4.6421296e-06,0.09263932,0.907356
2.4328551e-06,0.00064878707,0.9993488
4.4373095e-08,0.9997646,0.00023541084
1.029675e-05,0.92583925,0.07415046
0.00010084362,0.8621148,0.13778438
2.4777562e-06,0.95760167,0.04239581
4.3501987e-06,0.7220365,0.2779592
3.973476e-06,0.9246088,0.075387195
4.6731598e-06,0.18985482,0.8101405
4.9896057e-06,0.9855721,0.014422937
1.718733e-06,0.0007927146,0.99920565
2.4170133e-06,0.30048168,0.6995159
2.930475e-07,0.99363214,0.006367592
4.8467823e-06,0.022531724,0.9774635
5.963463e-06,0.053742573,0.94625145
4.902336e-06,0.00424993,0.9957451
6.9181274e-06,0.9526385,0.04735457
3.18866e-06,0.4821701,0.5178267
0.0013699627,0.04459024,0.9540398
1.4622083e-06,0.058713507,0.941285
4.283842e-05,0.68160766,0.3183495
3.775326e-06,0.7719185,0.22807778
3.222055e-06,0.25678095,0.74321586
4.352546e-06,0.0012329521,0.9987627
1.5824982e-07,0.99095273,0.009047141
4.129521e-05,0.95699054,0.042968147
3.5456367e-06,0.25938085,0.7406156
0.000112880865,0.110094085,0.889793
4.132698e-06,0.47930703,0.5206889
0.00027825398,0.032095466,0.96762633
5.65898e-06,0.21165259,0.78834176
5.2169416e-06,0.71366984,0.286325
6.6156247e-07,0.017503394,0.9824959
4.412725e-05,0.4477377,0.55221814
5.291685e-06,0.11796969,0.882025
9.909132e-07,0.0029591348,0.99703985
6.609375e-06,0.0014919031,0.99850154
2.5072804e-05,0.032634344,0.9673405
6.648034e-07,0.004325956,0.99567336
4.471498e-05,0.013028287,0.986927
4.3226078e-07,0.0031731715,0.9968264
5.0656176e-06,0.9646875,0.035307385
4.7201293e-06,0.26562446,0.7343708
2.5648574e-06,0.5640745,0.43592292
2.2467157e-05,0.83139485,0.1685826
3.3623144e-06,0.14307278,0.8569239
1.3102681e-05,0.022707181,0.97727966
8.081616e-07,0.0011490989,0.9988501
1.1729269e-06,0.07510551,0.92489326
3.067352e-06,0.0047306307,0.9952663
4.0951713e-07,0.9982212,0.0017784671
7.2141843e-06,0.16370979,0.83628297
6.7793753e-06,0.026690893,0.97330236
2.863852e-05,0.75333965,0.2466317
2.6912952e-07,0.9984578,0.0015419153
5.657599e-06,0.96176946,0.038224954
2.2510285e-05,0.02169945,0.97827804
2.0128173e-06,0.042855587,0.9571425
3.4298744e-06,0.9688136,0.031182997
4.4118755e-05,0.0044206213,0.99553525
3.079069e-05,0.22005883,0.7799103
1.8968482e-05,0.16441365,0.8355674
3.6330546e-06,0.8991834,0.10081292
8.250452e-05,0.034154445,0.96576303
1.7523771e-06,0.633511,0.36648723
9.085094e-05,0.030644199,0.9692649
3.5740846e-05,0.14365631,0.856308
3.884356e-06,0.6725338,0.32746232
3.7770766e-07,0.0042617684,0.9957378
1.2890111e-05,0.2643596,0.73562753
1.2575024e-05,0.8900279,0.1099595
3.8603756e-07,0.0012215513,0.99877805
8.468679e-06,0.7599016,0.24009003
2.7308004e-06,0.9405624,0.059434887
4.2687298e-05,0.53665483,0.46330255
2.8023435e-06,0.14385973,0.85613745
5.44706e-07,0.9923199,0.0076794988
0.000104195016,0.977499,0.022396842
3.1856218e-06,0.9048467,0.09514997
2.1908e-06,0.094295286,0.90570253
4.6430985e-05,0.27579096,0.72416264
3.2947398e-06,0.74054956,0.25944713
9.047401e-07,0.9265728,0.073426396
1.7916544e-05,0.97495574,0.025026334
1.4641759e-06,0.0022747717,0.99772376
2.3730061e-05,0.5331693,0.46680692
6.2110234e-07,0.016826829,0.98317254
1.7588046e-06,0.93980485,0.060193356
1.8235844e-05,0.077084355,0.92289746
1.1325698e-05,0.083744004,0.9162446
5.6872295e-06,0.024983162,0.97501117
1.2085561e-06,0.0012024178,0.99879634
1.0011379e-05,0.8966791,0.103310876
2.222271e-06,0.10635349,0.8936442
0.00071229244,0.034300167,0.9649876
8.891694e-07,0.97653383,0.023465259
0.030041594,0.2895033,0.6804551
1.0258865e-06,0.92565155,0.07434748
3.2286258e-07,0.99553937,0.0044602
4.6126015e-06,0.15549923,0.84449613
1.6868558e-05,0.2676389,0.73234427
2.5894144e-06,0.5442232,0.45577428
9.664966e-07,0.9909994,0.008999656
0.00035511903,0.030576998,0.9690679
1.2615787e-06,0.9913935,0.00860519
4.763563e-05,0.92230994,0.077642456
1.4927627e-05,0.40939274,0.5905923
4.3471373e-06,0.3387523,0.6612434
2.37542e-06,0.5906166,0.40938097
1.4871375e-05,0.06913574,0.9308494
2.5939637e-06,0.8946096,0.105387844
0.018064678,0.5778068,0.40412852
2.2834763e-06,0.8191061,0.18089165
1.9210127e-06,0.029063756,0.9709343
2.8033608e-06,0.4431792,0.55681807
7.693411e-06,0.7025608,0.29743147
8.1621675e-07,0.9827754,0.017223792
4.294156e-06,0.03949136,0.96050435
2.4407289e-05,0.14221343,0.8577621
1.7332278e-06,0.90034443,0.09965381
2.0234493e-06,0.015973287,0.9840247
3.9773728e-05,0.93984246,0.060117815
2.731138e-06,0.9541946,0.045802694
0.0011250206,0.043117587,0.9557574
5.510181e-06,0.055290367,0.9447041
1.8351833e-06,0.58360654,0.41639167
1.7588817e-06,0.022181604,0.97781664
1.4150125e-06,0.0002043844,0.9997942
4.8693696e-06,0.08935024,0.9106448
3.5267026e-06,0.051968705,0.9480278
0.00066236424,0.027189702,0.97214794
5.540961e-05,0.00427259,0.995672
4.3941127e-06,0.1718909,0.82810473
7.2917906e-06,0.06904989,0.9309429
0.00018787531,0.01258735,0.9872248
7.6044244e-06,0.656187,0.3438054
3.4670942e-05,0.85200644,0.14795892
2.3769477e-05,0.8939064,0.10606986
1.0539563e-05,0.08986079,0.9101287
5.111809e-07,0.99077445,0.009225073
1.9018916e-06,0.51061666,0.48938143
3.741857e-05,0.7157268,0.28423575
1.3350882e-05,0.46943164,0.530555
2.336588e-06,0.015391321,0.9846064
9.185391e-06,0.8394956,0.16049519
1.8721531e-06,0.07153853,0.9284596
1.9537028e-06,0.7873983,0.21259977
1.6918269e-06,0.09300758,0.90699077
8.289249e-06,0.07224995,0.9277418
2.2901828e-05,0.03675373,0.96322334
1.7261476e-05,0.017423185,0.98255956
0.00048153842,0.08472071,0.9147978
8.103256e-06,0.0430868,0.95690507
2.2159172e-06,0.9700589,0.029938867
2.7792867e-06,0.6101541,0.38984314
2.441639e-05,0.04032389,0.95965165
8.574973e-05,0.16145918,0.8384551
3.086707e-06,0.70342296,0.29657394
2.047999e-05,0.13935968,0.86061984
2.6234159e-06,0.98275065,0.01724675
1.4957999e-05,0.0030630783,0.99692196
3.9332852e-05,0.18299538,0.81696534
5.364687e-06,0.57745004,0.4225446
1.8117062e-06,0.14591186,0.85408634
2.5608244e-06,0.9171659,0.08283167
2.2541135e-05,0.215958,0.7840194
5.296089e-06,0.7932329,0.20676172
9.716696e-06,0.42118987,0.5788004
1.2753831e-07,0.99916625,0.0008336213
2.0695265e-06,0.9656584,0.034339514
2.756587e-06,0.9488956,0.051101707
3.303776e-07,0.9934273,0.006572449
3.1643415e-07,0.9945937,0.0054059876
0.00019263447,0.15961607,0.8401913
2.2910347e-06,0.8136872,0.18631046
1.8998873e-05,0.62447965,0.3755014
1.3841968e-06,0.987276,0.012722509
6.950315e-06,0.9756589,0.024334153
6.3342657e-07,0.998254,0.001745338
8.823739e-06,0.99698955,0.00300174
6.0054514e-05,0.1989064,0.8010336
8.150416e-06,0.72014934,0.2798425
7.1901195e-07,0.98906505,0.010934205
1.9475794e-05,0.7212058,0.2787748
1.1399768e-06,0.008698434,0.9913004
1.3868743e-07,0.9959752,0.004024637
6.731476e-07,0.0037568638,0.9962425
1.7605327e-05,0.50941885,0.49056357
2.5882196e-06,0.90120614,0.09879131
1.3497627e-06,0.9346913,0.06530728
5.9293586e-07,0.98974377,0.010255656
4.9812235e-07,0.9969126,0.003086951
3.680579e-07,0.99709046,0.0029091393
4.5388955e-05,0.6455546,0.35440004
3.1567115e-06,0.8808754,0.11912152
7.6432326e-07,0.99251443,0.0074848714
4.8720008e-06,0.60134315,0.39865193
1.8426881e-05,0.020251578,0.97973
1.4221513e-07,0.99945515,0.0005447662
0.00043888352,0.7597463,0.23981485
6.537416e-09,0.99997926,2.0700249e-05
5.204303e-06,0.97767794,0.022316813
1.155018e-05,0.7102176,0.2897709
1.1034387e-05,0.0629466,0.9370424
8.083861e-06,0.104276896,0.89571506
7.1963e-06,0.18637484,0.813618
2.731225e-06,0.96528625,0.03471094
2.2509923e-07,0.99916685,0.0008329261
4.4446065e-08,0.9992945,0.00070542836
4.3979486e-07,0.99113387,0.008865719
2.6286425e-06,0.067533106,0.93246424
2.0527447e-07,0.000619169,0.9993806
3.49828e-06,0.15962814,0.84036833
5.8081076e-07,0.9943949,0.0056044604
8.043554e-06,0.8709195,0.12907252
3.5121042e-07,0.9940573,0.005942315
5.5405926e-06,0.9379895,0.062004942
5.3121553e-06,0.6163352,0.3836595
2.5320178e-08,0.9998901,0.000109844084
1.767486e-06,0.99389064,0.0061075203
7.208212e-08,0.99959344,0.00040643977
9.620136e-06,0.8734798,0.12651059
0.0002421083,0.017925527,0.9818324
8.6234126e-05,0.26796204,0.7319517
4.9624003e-07,0.99599373,0.004005732
9.1709735e-06,0.7095271,0.29046378
2.0126136e-07,0.99944764,0.0005520684
6.564596e-08,0.99973327,0.0002665843
5.9623716e-07,0.9968168,0.0031826743
5.134051e-06,0.9720561,0.027938804
4.6020405e-06,0.99074215,0.009253201
1.0736162e-06,0.00061262137,0.9993863
0.0027701503,0.1003039,0.896926
1.255622e-06,0.99266243,0.0073362687
7.745993e-08,0.9998604,0.00013950911
2.0424076e-07,0.98670965,0.013290095
1.867313e-05,0.017256957,0.98272437
4.07464e-07,0.99064165,0.009357986
1.3847105e-05,0.038483694,0.96150243
2.4377053e-07,0.96062624,0.039373513
3.2859705e-05,0.5593528,0.4406143
9.204916e-06,0.93066514,0.06932565
4.085394e-06,0.9222735,0.07772245
2.3175846e-06,0.012143634,0.98785406
1.0280303e-06,0.0064603724,0.99353856
9.396331e-07,0.009410349,0.99058867
5.505441e-07,0.9955947,0.004404702
9.486421e-07,0.9649081,0.035091043
1.8644613e-06,0.0020913382,0.9979068
6.6902464e-07,0.99890614,0.0010931692
1.3434521e-07,0.9995957,0.00040416615
2.2919869e-05,0.9505352,0.049441896
1.8032331e-06,0.042623144,0.957375
1.2118829e-06,0.9967186,0.0032801777
4.7964534e-07,0.007743939,0.99225557
4.528895e-05,0.8906863,0.10926837
3.9930437e-06,0.076666415,0.9233296
3.944984e-05,0.2360706,0.76388997
3.8171555e-07,0.99681705,0.0031826338
1.1625048e-07,0.9983164,0.001683496
1.9919562e-06,0.9611615,0.03883659
6.1795104e-06,0.8884018,0.111592
1.7341928e-07,0.9994498,0.0005500901
4.117305e-07,0.97162205,0.028377475
0.000113691,0.3351198,0.66476655
7.650936e-06,0.9949705,0.00502185
2.9588787e-06,0.979267,0.020730054
1.9786592e-05,0.96551836,0.03446188
6.8453323e-06,0.9414341,0.0585591
3.6378535e-07,0.99886984,0.0011297594
5.343688e-07,0.9987477,0.001251738
3.3938898e-06,0.9904468,0.009549801
0.036023207,0.60782933,0.35614738
1.602953e-07,0.9997919,0.0002080068
4.1388355e-09,0.99998224,1.7758523e-05
6.8155185e-07,0.97965527,0.020344015
0.000119651624,0.013535743,0.9863446
1.6692671e-05,0.38528568,0.61469764
1.1637609e-06,0.996566,0.0034328315
1.5005967e-06,0.9884469,0.011551597
1.0947043e-07,0.9995684,0.00043149837
1.8332575e-07,0.99696416,0.0030356199
4.401509e-08,0.9996593,0.00034065498
7.947707e-06,0.99242896,0.0075630695
1.8112632e-07,0.9999615,3.8212955e-05
3.91632e-05,0.8816513,0.118309505
0.0010249517,0.73168004,0.2672949
5.14226e-07,0.9969217,0.0030777403
3.919922e-08,0.999741,0.00025900832
9.289566e-06,0.5692379,0.4307528
4.8203754e-05,0.7929113,0.20704058
8.992309e-06,0.77626824,0.2237227
1.6130166e-06,0.058109693,0.94188875
2.6320497e-06,0.9511178,0.048879582
1.806558e-06,0.75607556,0.24392258
3.655927e-07,0.98818934,0.011810244
2.0522363e-07,0.9992341,0.0007656634
3.0024758e-06,0.99727684,0.0027201544
1.8151334e-06,0.9678747,0.03212341
2.345999e-07,0.99933773,0.0006620174
1.3245478e-06,0.95504576,0.04495294
3.4880668e-06,0.9888608,0.011135686
3.210834e-07,0.9985018,0.0014978761
4.4188747e-07,0.99949193,0.00050758524
8.6141455e-08,0.99963176,0.00036815062
5.131619e-06,0.98186976,0.01812513
5.129396e-06,0.0056224572,0.99437237
2.1396252e-05,0.19306056,0.8069181
2.5319416e-05,0.03479301,0.96518165
6.1187656e-08,0.99993634,6.3479856e-05
4.4563123e-07,0.9967775,0.003222074
5.26894e-05,0.82127,0.17867735
1.0005828e-05,0.9939242,0.0060658967
8.480879e-08,0.9995165,0.0004833816
0.00010342821,0.82785434,0.17204225
3.3767412e-06,0.00025781323,0.99973875
0.00030649253,0.08729603,0.9123975
1.3232926e-05,0.0031070746,0.9968797
1.5199466e-07,0.9997259,0.0002740021
0.00020484746,0.12339549,0.87639964
1.3957548e-07,0.9977756,0.0022242074
6.241187e-06,0.93224335,0.067750484
5.9710696e-06,0.101908155,0.8980859
3.8351982e-07,0.9945748,0.005424888
7.598825e-07,0.98877877,0.011220519
1.1990913e-05,0.88046443,0.11952364
2.551879e-05,0.6894833,0.31049126
2.040673e-05,0.0038748793,0.9961047
3.3586184e-05,0.014598528,0.98536783
2.743391e-06,0.84979254,0.15020469
6.368147e-08,0.999895,0.00010492988
4.5520437e-08,0.99983144,0.00016857526
3.4888385e-06,0.9965063,0.0034902266
4.7904945e-05,0.98378605,0.016166102
2.5026668e-05,0.52149516,0.47847977
8.901723e-07,0.9907652,0.009233885
1.9399695e-06,0.8980768,0.101921365
9.589527e-06,0.9814657,0.018524665
3.9760607e-06,0.068879835,0.93111616
4.2903325e-06,0.8158508,0.18414491
6.221323e-07,0.9941069,0.005892543
2.0922937e-05,0.96256626,0.037412878
1.9928145e-06,0.80254054,0.19745743
1.0452304e-06,0.03367162,0.9663273
7.6242926e-05,0.9599639,0.039959837
2.2695958e-06,0.99898285,0.0010148659
4.494957e-07,0.99136895,0.008630644
5.556066e-06,0.92239136,0.07760299
3.1158236e-06,0.8664428,0.13355412
2.8194058e-06,0.99829787,0.0016992512
4.9554665e-06,0.74019873,0.2597963
6.485912e-05,0.111826696,0.88810843
1.9256357e-05,0.47009316,0.5298876
2.023484e-06,0.99151176,0.008486237
0.00011799764,0.04189986,0.9579821
1.4619e-05,0.22964053,0.77034485
2.5505291e-05,0.1411789,0.8587956
2.8612735e-07,0.99813145,0.0018682838
1.1898066e-07,0.9976896,0.0023103189
0.00018257074,0.19907108,0.8007464
2.4210024e-06,0.12795109,0.87204653
8.4451455e-07,0.00011843916,0.9998807
1.6884655e-06,0.8879771,0.11202122
2.3566893e-06,0.9187717,0.081225924
4.238452e-06,0.0073587648,0.9926369
5.3733093e-08,0.9991441,0.0008559161
5.6209366e-05,0.98129946,0.01864428
1.534878e-06,0.956671,0.043327514
6.3985894e-06,0.12960318,0.8703904
1.3386394e-05,0.86304414,0.1369425
3.4118497e-07,0.9938008,0.006198854
5.905118e-08,0.99961853,0.00038148335
1.2077706e-07,0.99945074,0.00054910476
8.532061e-07,0.9856382,0.014360952
2.440678e-05,0.897553,0.10242254
3.6825993e-05,0.5613955,0.4385677
2.1033757e-06,0.8834434,0.11655451
3.1622756e-07,0.99728644,0.0027131957
1.7223909e-05,0.68722737,0.31275547
4.358143e-08,0.9995828,0.0004171499
3.113572e-08,0.99981505,0.0001849379
8.986059e-06,0.20095654,0.7990344
2.4229143e-07,0.9977302,0.0022696238
9.469925e-07,0.99918157,0.0008174482
1.0434499e-06,0.9980866,0.0019123597
1.1969574e-05,0.98222005,0.017768057
1.021313e-05,0.9981669,0.001822833
8.377469e-07,0.9843031,0.015696092
3.0594877e-06,0.9684614,0.03153554
1.8553217e-06,0.0005968628,0.99940133
4.7085055e-07,0.9993999,0.0005996476
1.7363185e-07,0.9988662,0.0011336866
4.3931632e-07,0.99823356,0.0017659956
4.3034317e-05,0.44661537,0.55334157
2.4968442e-05,0.27353927,0.7264358
2.993489e-06,0.6865061,0.31349093
5.610571e-06,0.9548606,0.045133833
1.893121e-06,0.069527686,0.93047047
3.245711e-06,0.92927456,0.0707222
9.138862e-07,0.9996507,0.00034836523
3.2102534e-07,0.99737906,0.002620646
4.087388e-06,0.5106169,0.4893791
2.703554e-06,0.96268845,0.03730883
1.7424674e-06,0.9515592,0.048439164
1.757943e-05,0.8905845,0.109397866
4.2754095e-06,0.99326706,0.0067286943
1.0793066e-05,0.9657619,0.034227267
6.1908286e-06,0.69830394,0.3016899
6.3271814e-06,0.056824043,0.9431696
1.9184894e-05,0.88807744,0.111903384
1.1206405e-07,0.9972638,0.0027360711
2.6563584e-06,0.67696434,0.32303292
1.0132136e-06,0.9928445,0.0071544135
1.3426695e-07,0.99833906,0.0016608228
1.1615164e-08,0.9998987,0.00010137026
1.391438e-06,0.81178594,0.18821265
4.627874e-06,0.6940578,0.30593756
1.6761096e-07,0.99928063,0.0007192151
4.3755417e-06,0.40464246,0.59535325
3.672472e-08,0.9998895,0.000110523564
1.5714895e-06,0.9390562,0.060942255
4.6517603e-06,0.33206978,0.66792554
7.2767825e-06,0.19049838,0.8094944
2.9538496e-08,0.99971074,0.00028925267
3.9846782e-07,0.9979855,0.0020141285
4.0817062e-07,0.99456716,0.005432498
1.7384818e-05,0.0042060656,0.9957766
1.3252383e-06,0.9827808,0.017217886
1.5376555e-07,0.9994993,0.00050055474
1.0560899e-07,0.99985504,0.00014483958
1.4651882e-08,0.9999058,9.41961e-05
1.4461274e-07,0.99631715,0.003682712
1.6846721e-05,0.9821591,0.01782408
9.2232267e-07,0.9935921,0.0064069345
2.2885392e-06,0.22894941,0.77104825
6.438821e-07,0.9971378,0.0028616276
2.7751682e-07,0.99846506,0.0015347694
0.0002808525,0.9465751,0.05314406
1.8062376e-08,0.99985945,0.00014050824
1.3007422e-06,0.97951186,0.020486902
1.8806375e-06,0.99776053,0.0022374857
1.8564248e-07,0.9994374,0.00056232105
1.9833617e-07,0.9988595,0.0011401954
5.6576932e-06,0.91785234,0.08214192
6.704648e-05,0.097472616,0.90246034
3.6044796e-07,0.9988412,0.0011584124
9.720103e-06,0.00089710066,0.9990932
2.4564883e-05,0.97054976,0.02942574
2.6543268e-05,0.25960377,0.74036974
4.5347524e-06,0.15425684,0.8457387
6.152396e-08,0.9999646,3.524095e-05
7.5052244e-06,0.6403549,0.35963768
1.0669839e-06,0.5592621,0.4407369
2.240851e-05,0.1839662,0.8160114
1.43268935e-05,0.011667384,0.98831826
5.974161e-06,0.22363994,0.77635413
3.3177344e-07,0.99930227,0.00069738855
1.914457e-05,0.88478035,0.11520048
1.718047e-06,0.9921206,0.007877591
1.1646739e-06,0.9836193,0.016379535
1.5425276e-06,0.97286105,0.027137423
2.2857197e-05,0.9025054,0.09747183
7.3281643e-07,0.99222153,0.007777781
4.6994537e-06,0.90214384,0.0978514
1.7823113e-05,0.15633485,0.8436473
1.4232522e-06,0.99776936,0.0022292263
0.00016442256,0.04469569,0.95513994
7.082523e-07,0.9855539,0.014445426
3.5458759e-06,0.766821,0.23317543
3.5678192e-07,0.9962674,0.0037322936
9.176126e-07,0.9973016,0.0026974084
2.0316942e-07,0.9916398,0.008360038
7.5765126e-07,0.002677755,0.99732155
4.4156063e-06,0.897156,0.102839574
2.1018036e-06,0.99721634,0.002781522
2.337365e-06,0.8270073,0.17299032
6.9607418e-06,0.34067875,0.65931433
9.4022624e-08,0.9998198,0.00018007914
1.3141977e-05,0.5838883,0.41609856
0.0025176653,0.4847641,0.5127182
1.3791474e-05,0.9904289,0.009557258
4.2989768e-07,0.99699557,0.0030040133
2.041579e-08,0.99989665,0.00010335924
2.736808e-08,0.9998498,0.00015021951
1.4615415e-06,0.9436495,0.05634909
9.988736e-07,0.99203753,0.007961562
1.8467717e-06,0.9945634,0.005434737
1.1146893e-06,0.9920412,0.007957697
2.2206002e-06,0.95967,0.040327836
8.0290596e-07,0.99303985,0.0069592632
1.395902e-07,0.99884534,0.0011545604
1.0703635e-05,0.06797743,0.93201184
5.716883e-06,0.5735503,0.426444
1.5345381e-07,0.9995584,0.00044143712
7.228388e-06,0.87551016,0.12448259
0.00050663215,0.8765435,0.122949794
2.0674922e-06,0.9987992,0.0011987996
2.1309535e-07,0.999926,7.379765e-05
1.4240227e-05,0.72947425,0.27051145
8.4551694e-08,0.99977034,0.00022949069
5.4261145e-05,0.7071328,0.29281285
6.011384e-08,0.9997634,0.00023650915
7.9909974e-08,0.99988186,0.00011800602
2.0615732e-06,0.9927422,0.0072558457
1.3094996e-07,0.99982363,0.00017631557
4.3831312e-07,0.9823215,0.01767806
2.9779622e-07,0.99980253,0.00019723199
4.1688942e-08,0.9999739,2.6137595e-05
0.00020090373,0.021016821,0.97878224
6.966569e-08,0.9994386,0.00056123524
1.6367146e-06,0.027549488,0.9724488
0.0004140844,0.6838303,0.3157556
5.104723e-06,0.12878665,0.87120825
3.1336725e-07,0.9996407,0.00035890102
0.0001683714,0.31954566,0.680286
4.052557e-07,0.9826903,0.017309349
9.841796e-07,0.98916024,0.01083887
1.1001743e-05,0.48498574,0.5150032
5.07635e-06,0.0024904716,0.9975044
3.1215006e-07,0.99965703,0.00034256867
3.4422655e-07,0.9986008,0.0013989109
1.1976308e-05,0.9920575,0.007930531
6.012524e-09,0.9999764,2.3659575e-05
7.811845e-08,0.9998801,0.00011977958
1.5755612e-07,0.995983,0.004016934
9.541685e-08,0.9969375,0.0030623872
4.6745126e-07,0.9980934,0.001906062
4.4751732e-06,0.8564044,0.14359106
5.986846e-07,0.9927786,0.0072208475
7.871327e-06,0.27072737,0.7292648
3.5922742e-08,0.9999219,7.8095836e-05
1.7761462e-06,0.9911998,0.008798405
3.753769e-06,0.56113374,0.4388625
3.9425893e-07,0.98774266,0.012256974
2.466536e-08,0.9999677,3.2255793e-05
3.366402e-07,0.99884284,0.001156732
8.18728e-06,0.56588334,0.43410847
1.3957802e-07,0.99984086,0.00015904527
7.078321e-08,0.9998379,0.00016197843
3.8305447e-05,0.4443793,0.55558234
8.233205e-07,0.99480623,0.005192939
1.7758919e-07,0.99978334,0.0002165622
4.597567e-08,0.9995153,0.00048465404
2.6487662e-08,0.9999063,9.3742776e-05
3.740017e-07,0.983347,0.01665263
1.3163447e-05,0.93380535,0.06618148
5.284899e-08,0.9999634,3.6647718e-05
4.762504e-07,0.99235183,0.007647716
3.1873974e-08,0.99993753,6.2451734e-05
3.6392696e-06,0.96428764,0.03570865
2.2629663e-06,0.9300536,0.0699442
3.567839e-07,0.9952283,0.004771415
5.59411e-07,0.9972458,0.002753582
2.4608628e-06,0.047105365,0.9528922
2.0850526e-07,0.9989164,0.0010833407
2.3997562e-09,0.99999785,2.1201854e-06
6.1229985e-06,0.11275414,0.88723975
2.1877627e-08,0.9999169,8.303519e-05
2.795673e-06,0.9995154,0.00048190742
3.2056698e-05,0.7971273,0.2028407
1.6831555e-06,0.00023338768,0.999765
3.3666616e-05,0.9460515,0.053914838
1.8777054e-07,0.9980579,0.0019417923
2.7617752e-08,0.99974924,0.00025080104
5.200143e-07,0.9810889,0.01891064
2.9036042e-07,0.9956857,0.00431407
3.8600112e-05,0.7353313,0.26463008
3.0914467e-08,0.99989915,0.000100846715
6.674928e-08,0.99890137,0.0010984493
1.4779118e-06,0.9984073,0.001591336
2.8228718e-05,0.75209284,0.24787894
0.0016636825,0.8192815,0.17905483
3.465257e-08,0.9996269,0.0003731578
7.0673777e-06,0.97690636,0.023086572
4.5874594e-06,0.927738,0.072257474
1.3510039e-06,0.9996197,0.0003788905
1.5229023e-07,0.99946004,0.00053980027
3.4922263e-07,0.9903228,0.0096767675
2.4582184e-07,0.9986254,0.0013743413
2.0215485e-07,0.99874425,0.0012554751
7.7454115e-06,0.16329385,0.8366984
2.2918168e-07,0.99700886,0.0029908966
1.0609386e-06,0.07261296,0.927386
3.7233895e-06,0.9443743,0.055621974
5.2480765e-08,0.99960166,0.00039836782
5.1313066e-07,0.0009742424,0.9990252
2.3963725e-05,0.1073412,0.8926348
1.5745718e-07,0.9993057,0.00069410156
3.304392e-07,0.9970592,0.002940399
3.3285494e-07,0.99414515,0.005854442
0.00011489018,0.71638894,0.28349617
1.872526e-05,0.014934328,0.985047
1.6761027e-07,0.99909735,0.00090252777
1.7641039e-06,0.00050179724,0.99949646
1.8686329e-05,0.8984463,0.10153508
9.981371e-08,0.9930704,0.006929427
1.0115572e-06,0.9797686,0.020230437
4.2815708e-07,0.9977221,0.0022773999
2.814588e-06,0.23216543,0.76783174
5.8034686e-05,0.52668774,0.47325426
1.0650731e-05,0.90965676,0.09033265
3.273673e-07,0.9909594,0.00904029
0.0001514837,0.45543417,0.54441434
4.3732527e-08,0.99981076,0.00018921537
8.150631e-09,0.99996877,3.120328e-05
4.144513e-06,0.58585435,0.4141416
2.2055254e-07,0.99917006,0.0008297594
3.0130877e-07,0.99698883,0.0030108548
5.0770016e-08,0.99902344,0.0009765765
3.6000547e-08,0.9998061,0.00019396185
4.156511e-05,0.17253606,0.8274223
1.27622025e-05,0.9893392,0.010648013
5.0603473e-09,0.9999893,1.072054e-05
1.0336086e-06,0.98512113,0.0148777785
3.2431974e-06,0.526493,0.47350368
1.8084815e-07,0.99982834,0.00017137971
2.711684e-07,0.99868244,0.0013172899
6.9682023e-06,0.11045935,0.8895337
5.8176684e-06,0.47946742,0.5205268
9.450061e-06,0.78301156,0.21697898
2.4191118e-07,0.9914596,0.008540087
1.5548592e-07,0.99630606,0.0036938721
1.5447791e-06,0.7470792,0.2529193
0.0076960498,0.38562799,0.606676
1.5038405e-07,0.99919075,0.00080911175
7.802549e-08,0.9961391,0.003860784
3.9674933e-07,0.99379325,0.0062063434
1.3651199e-07,0.99960226,0.0003976484
2.3391262e-07,0.9968273,0.0031723757
1.5133233e-08,0.99998844,1.1503622e-05
8.709156e-07,0.96103716,0.03896191
3.2851116e-07,0.9992723,0.000727331
0.0015130402,0.4519216,0.5465654
1.147718e-07,0.9993907,0.0006091153
1.0819243e-05,0.77591825,0.22407092
4.3083583e-06,0.058013182,0.94198257
4.959017e-07,0.98506135,0.014938193
2.3634035e-08,0.99998796,1.2076814e-05
1.8136931e-06,0.985962,0.014036202
3.878125e-05,0.2490884,0.7508728
3.854933e-06,0.5833121,0.41668406
1.7230205e-07,0.9978715,0.0021283955
1.9938829e-05,0.92097443,0.0790056
2.0651882e-08,0.99995613,4.383968e-05
1.8150095e-06,0.9635079,0.036490254
2.7440846e-08,0.9999492,5.0750208e-05
2.2276824e-07,0.9996729,0.00032693247
3.6793814e-08,0.99974734,0.00025269267
6.720667e-09,0.9999949,5.0762665e-06
3.3750482e-07,0.99244094,0.0075586797
7.537913e-07,0.99495256,0.0050467537
4.1075666e-07,0.9954406,0.0045589632
7.532377e-06,0.27111995,0.7288725
3.1218847e-06,0.99840754,0.0015893691
1.5993872e-07,0.9980331,0.0019668231
7.208643e-07,0.99609345,0.0039058686
7.2943175e-07,0.9938643,0.0061350493
1.6104456e-06,0.003706923,0.9962915
1.6286342e-06,0.99929404,0.0007042484
2.5918806e-07,0.99994135,5.838867e-05
4.4529696e-07,0.98351824,0.016481262
1.1861877e-05,0.85275793,0.14723018
8.1848106e-07,0.9925645,0.007434666
3.9528967e-07,0.99931705,0.0006825664
0.0002978141,0.28428984,0.7154124
1.5210522e-05,0.9766151,0.023369612
1.7514071e-06,0.9978981,0.002100147
4.4978243e-08,0.9997603,0.00023966676
1.4535529e-05,0.06717912,0.9328063
2.6809528e-06,0.028512714,0.97148454
1.1144464e-05,0.985966,0.014022733
9.709568e-06,0.3250033,0.67498696
1.9892432e-06,0.9950453,0.00495274
2.2414208e-07,0.9992506,0.0007491356
1.9903887e-06,0.91340953,0.08658852
5.880234e-06,0.9983656,0.0016285363
1.2798037e-05,0.96186984,0.038117353
6.7300033e-07,0.9986821,0.0013172461
1.3413683e-05,0.69909394,0.30089262
4.5121974e-06,0.96682835,0.033167172
2.922194e-06,0.71658117,0.2834159
5.3843232e-06,0.9725815,0.027413128
1.9463556e-05,0.714845,0.28513557
1.2983356e-06,0.98081607,0.01918268
2.2158672e-06,0.8107398,0.18925793
6.261664e-08,0.9997199,0.0002799893
1.3584395e-08,0.99995947,4.0580762e-05
2.3593292e-07,0.99601835,0.0039814087
3.0441214e-07,0.99863666,0.0013629588
4.8115464e-07,0.9926553,0.0073442794
1.08006084e-07,0.9986298,0.0013701381
1.8780013e-06,0.8649445,0.13505366
2.4718516e-05,0.99638724,0.003588044
6.4792545e-07,0.9643241,0.035675198
4.4527152e-07,0.9791039,0.020895636
4.0441437e-06,0.37131995,0.62867606
0.00022886861,0.64579684,0.35397428
3.7343907e-05,0.92417204,0.07579063
1.4622716e-08,0.9999827,1.7236602e-05
6.213596e-08,0.9999578,4.207372e-05
4.6867243e-07,0.99793893,0.0020605617
5.4974757e-06,0.2911873,0.70880723
3.7299447e-08,0.9998807,0.00011935523
3.624722e-07,0.9712295,0.028770197
4.5584084e-06,0.9083033,0.09169213
3.5908788e-06,0.059345763,0.9406507
9.340325e-08,0.9997851,0.00021476726
4.224419e-07,0.9666981,0.03330147
2.4211977e-06,0.6830117,0.31698585
2.1150248e-07,0.999856,0.0001437855
1.7420815e-07,0.99948514,0.00051475776
7.969838e-06,0.02606406,0.973928
0.00021829452,0.010536985,0.9892447
1.3838104e-06,0.98496175,0.015036802
2.716074e-05,0.6258811,0.37409168
0.000824851,0.76793706,0.23123816
1.5216865e-05,0.09854377,0.901441
4.321621e-07,0.9988311,0.0011684407
1.6552658e-06,0.04773599,0.9522624
1.1428413e-05,0.28310364,0.7168849
9.8829574e-08,0.9996172,0.00038262858
2.1238705e-08,0.9999751,2.4955949e-05
3.8495655e-06,0.8133479,0.18664828
2.1536887e-07,0.9967945,0.0032052188
7.5694004e-08,0.9997974,0.00020254539
3.1160143e-05,0.124387436,0.87558144
2.0397609e-07,0.998359,0.0016407629
3.198403e-05,0.034959674,0.9650083
2.7748818e-05,0.834644,0.16532828
1.693339e-05,0.3208699,0.67911315
1.5357693e-07,0.9998492,0.00015066059
2.7603272e-07,0.99879116,0.0012086461
1.0951729e-08,0.9999683,3.171303e-05
4.49745e-06,0.9267986,0.073196895
5.078765e-06,0.86244583,0.13754912
2.7032477e-06,0.8284598,0.17153755
5.5908647e-05,0.53707176,0.46287233
8.5088277e-07,0.89553136,0.104467824
5.624007e-08,0.9996964,0.00030365904
3.346669e-06,0.897733,0.10226369
1.0913049e-06,0.9992236,0.0007753729
4.918946e-06,0.7513259,0.24866915
1.8436971e-07,0.99924314,0.00075669587
3.3208178e-07,0.9966395,0.0033601138
2.5693697e-07,0.9997689,0.00023082424
7.7332953e-07,0.99083906,0.009160168
1.9295276e-06,0.8365799,0.16341813
4.596947e-07,0.99731475,0.0026847827
9.630662e-07,0.9693461,0.030652978
1.4762082e-07,0.9988741,0.0011257263
1.845443e-08,0.99996865,3.1405147e-05
6.3585554e-07,0.9854666,0.01453277
0.00017924454,0.1915092,0.8083116
6.400736e-06,0.03845865,0.961535
2.094706e-07,0.9988569,0.0011428825
1.118723e-06,0.9926938,0.00730509
3.601261e-06,0.077339575,0.9226569
3.89111e-07,0.9994281,0.0005715685
6.788581e-07,0.98923457,0.010764718
7.5502234e-05,0.0029155063,0.997009
2.5185802e-05,0.04423682,0.955738
5.9439157e-07,0.9992747,0.00072472345
1.0231843e-06,0.8879743,0.11202465
2.0484202e-07,0.9996481,0.00035163356
3.7287992e-07,0.997813,0.0021866125
1.1541229e-05,0.0019832572,0.9980052
3.372758e-07,0.999201,0.0007986783
7.9617075e-07,0.9981669,0.0018322183
3.3743465e-08,0.9997408,0.00025926923
1.5571829e-06,0.98552865,0.014469811
1.521646e-07,0.9987098,0.0012900447
7.715765e-07,0.96529716,0.03470205
4.865221e-07,0.99505556,0.004944006
6.2058724e-08,0.9998528,0.00014705784
0.00016465265,0.7401383,0.2596971
3.091927e-05,0.6209985,0.3789705
2.1462372e-06,0.9448666,0.055131294
3.7034279e-06,0.98922056,0.010775762
2.0253874e-06,0.99825937,0.0017385891
1.9969445e-06,0.8825639,0.117434144
3.931395e-08,0.9999398,6.020424e-05
1.514229e-06,0.9569443,0.043054216
1.0249503e-06,0.99276733,0.0072315508
8.090888e-08,0.9993331,0.00066679815
2.4345774e-05,0.017884951,0.98209065
2.415622e-08,0.99998,2.0033594e-05
0.0019874822,0.037156265,0.9608563
2.283132e-06,0.9326033,0.06739443
0.013810881,0.83587044,0.15031861
2.3652788e-06,0.9140513,0.08594627
1.0646698e-07,0.9994855,0.000514345
6.2228605e-06,0.99129957,0.008694134
1.5635313e-05,0.7358866,0.2640978
9.66794e-07,0.9942942,0.005704771
1.0627072e-07,0.99975747,0.00024245602
2.0486327e-06,0.8798634,0.120134495
2.054989e-06,0.8449769,0.15502106
3.618439e-05,0.9599479,0.040016007
5.427007e-07,0.99950457,0.0004947833
1.10355714e-07,0.9988611,0.0011387671
3.5650575e-07,0.9962674,0.0037322848
4.1639423e-06,0.996135,0.0038608802
0.00031182347,0.1552752,0.844413
2.032995e-06,0.91455835,0.08543964
1.9662455e-06,0.9682018,0.031796258
2.1068605e-07,0.9986614,0.0013383543
5.1787883e-06,0.047698207,0.9522967
9.2934323e-07,0.9917133,0.0082858205
3.3588788e-06,0.9583593,0.04163739
2.789436e-07,0.99652064,0.0034791606
6.290525e-06,0.49522525,0.50476843
7.155206e-06,0.9885167,0.011476107
6.80657e-05,0.1523119,0.84762
3.4305208e-07,0.97895205,0.021047547
9.975422e-07,0.9769859,0.023013117
3.3735541e-06,0.8838705,0.11612619
1.2244487e-07,0.99985945,0.00014043537
3.491191e-08,0.9998884,0.00011153783
8.5112816e-07,0.9931292,0.0068699997
2.3930793e-06,0.9650151,0.034982424
3.798407e-06,0.98445857,0.015537651
5.519611e-06,0.95037353,0.049620938
4.283326e-06,0.30368328,0.6963125
2.1842396e-07,0.9990471,0.00095264707
7.292165e-06,0.9914125,0.008580181
5.874921e-07,0.9904496,0.009549854
3.7037722e-07,0.9990207,0.0009789778
4.4530705e-07,0.99477553,0.0052240244
1.2756936e-07,0.9995839,0.0004159693
2.375143e-06,0.9991171,0.0008805559
1.2907416e-06,0.9968041,0.003194636
5.375138e-07,0.99950266,0.0004966914
1.4083877e-06,0.9926319,0.007366687
8.557877e-07,0.93857425,0.061424866
6.0961173e-07,0.9961055,0.0038938397
7.2631104e-07,0.99148273,0.008516545
1.6392155e-09,0.99999785,2.1843434e-06
6.719708e-08,0.99875367,0.0012461754
2.56736e-07,0.9996101,0.00038967864
1.2294122e-07,0.99982315,0.00017671022
2.574719e-06,0.87494975,0.12504762
1.782603e-07,0.9991629,0.00083702774
4.053001e-08,0.99990845,9.153754e-05
1.644722e-05,0.9728496,0.027133856
0.0013311894,0.031136427,0.96753234
2.6824454e-08,0.99988985,0.00011013545
5.0185486e-07,0.9889327,0.011066779
4.890349e-08,0.99898094,0.0010190392
2.9577694e-05,0.98095345,0.019016922
6.8335453e-07,0.990995,0.0090042725
4.0949985e-07,0.9915245,0.008475149
4.1912735e-08,0.9999776,2.2449776e-05
1.1208635e-07,0.99969065,0.0003092843
1.2927867e-06,0.9936266,0.0063721375
4.5982156e-06,0.99822336,0.0017720342
4.524317e-07,0.9980623,0.0019371897
2.0497306e-07,0.99830246,0.0016973008
2.1600542e-07,0.9990859,0.00091389177
0.0010355802,0.648337,0.35062745
7.278154e-07,0.9893383,0.0106610805
5.8299042e-06,0.99759704,0.0023971023
7.191104e-07,0.9950374,0.0049619307
1.5958418e-06,0.99757785,0.0024206073
0.000115063776,0.0055986713,0.99428624
4.8980664e-06,0.739401,0.260594
1.009759e-07,0.99993634,6.349789e-05
2.8326456e-06,0.8844113,0.11558589
1.49760845e-05,0.62592876,0.37405625
5.1285326e-08,0.99966896,0.00033099577
5.436381e-07,0.9848214,0.015178089
7.120354e-07,0.9972531,0.0027461648
0.0004915391,0.33567554,0.6638329
6.8153263e-06,0.31166688,0.6883263
8.789577e-05,0.8481019,0.1518103
7.5656857e-07,0.99831367,0.001685633
6.613341e-07,0.9944622,0.00553713
2.3123225e-06,0.96710646,0.032891218
5.638412e-08,0.9997749,0.00022512831
1.081463e-05,0.9807252,0.019263836
2.9674904e-06,0.9916917,0.0083053
1.213716e-05,0.35148773,0.6485001
5.7609816e-07,0.9977361,0.0022633278
5.5592495e-06,0.87554795,0.12444656
3.7766512e-07,0.99807066,0.0019290067
1.4733216e-06,0.81562907,0.18436944
3.9306883e-06,0.82322836,0.17676768
2.427436e-07,0.9994387,0.00056106056
3.0224967e-07,0.9949773,0.0050223344
2.3848882e-08,0.9999585,4.1453506e-05
3.0697258e-08,0.999894,0.00010599923
4.430213e-08,0.9997433,0.00025665652
6.841504e-08,0.9991153,0.00088457245
2.1692479e-06,0.67796314,0.3220347
8.334934e-06,0.87762403,0.122367606
4.4316974e-05,0.68822616,0.3117295
1.633395e-08,0.9999783,2.167033e-05
9.557521e-07,0.98854953,0.011449574
1.8661842e-06,0.64905417,0.35094395
1.7005066e-05,0.64332956,0.35665342
4.344494e-05,0.0018147926,0.99814177
2.5683226e-05,0.9221179,0.07785636
2.9372398e-08,0.9998491,0.00015094489
5.633435e-07,0.9972908,0.002708541
4.6347534e-08,0.9996649,0.00033509033
5.1625893e-06,0.98845136,0.0115435105
2.9226478e-06,0.83480763,0.16518949
4.1838328e-07,0.99611354,0.0038859453
1.8619082e-07,0.996942,0.0030577725
1.759061e-06,0.0013495424,0.9986487
1.677611e-06,0.79596114,0.2040372
6.214858e-07,0.054200105,0.9457993
8.774313e-06,0.7694981,0.23049316
4.9244816e-05,0.6921491,0.30780154
6.506262e-06,0.74098533,0.25900817
1.0650356e-06,0.99301034,0.006988566
1.7092295e-07,0.9996693,0.00033061666
1.11864985e-07,0.9977963,0.0022035649
9.3577916e-07,0.040769566,0.9592295
3.719845e-09,0.9999926,7.4127647e-06
2.7950142e-07,0.9991604,0.0008393481
1.14125726e-07,0.99996054,3.9351737e-05
2.0038613e-07,0.9997079,0.00029191663
2.0302164e-08,0.99998987,1.0092192e-05
3.9283205e-07,0.9806591,0.01934052
1.01967196e-07,0.9999285,7.1420305e-05
4.0870336e-08,0.9993612,0.0006388209
2.1354056e-06,0.9964143,0.0035835865
2.1740675e-06,0.9055942,0.09440365
6.3449265e-06,0.45978582,0.5402078
7.578523e-09,0.99997795,2.2017226e-05
4.8968304e-06,0.7787522,0.22124285
1.5920093e-06,0.9945786,0.005419913
1.3770461e-05,0.25210163,0.74788463
6.4004603e-06,0.27913848,0.7208551
9.298616e-09,0.9999888,1.120673e-05
1.1315941e-06,0.99685955,0.0031392353
6.5572167e-06,0.9833196,0.016673792
2.621482e-07,0.9933201,0.0066796243
3.8811675e-07,0.9942889,0.005710752
2.5945266e-07,0.99836904,0.0016307721
3.6802163e-08,0.9997949,0.00020507532
1.0181841e-06,0.99727935,0.0027196163
1.6378951e-07,0.9995459,0.00045398338
1.1468112e-06,0.98249924,0.017499566
1.9939377e-07,0.9987153,0.0012845421
3.8738667e-06,0.68573993,0.3142562
2.4131554e-08,0.99986243,0.0001375275
6.7546407e-06,0.7703217,0.22967142
7.305008e-06,0.9568097,0.04318301
1.12112175e-05,0.46871296,0.53127587
2.1526766e-08,0.9999752,2.4784045e-05
5.906166e-07,0.97087103,0.029128373
1.112316e-07,0.99955636,0.00044355507
3.7228297e-06,0.82948273,0.17051348
6.8952755e-07,0.997232,0.0027672765
4.116443e-05,0.9190341,0.08092473
1.6428492e-05,0.094206765,0.9057768
1.5378852e-07,0.998451,0.0015488656
7.55847e-06,0.0138937915,0.98609865
1.0101576e-06,0.9899594,0.01003954
1.4787933e-07,0.9988738,0.0011261264
5.488205e-06,0.07058343,0.9294111
1.07765e-06,0.0065760785,0.9934229
1.8231312e-05,0.017852493,0.9821293
8.681947e-06,0.65550697,0.3444843
0.00013012788,0.046770934,0.95309895
0.000100968995,0.88231844,0.11758059
9.407705e-06,0.3091048,0.6908858
3.30598e-05,0.002284829,0.9976821
5.6233523e-07,0.99539006,0.004609335
6.420747e-05,0.279803,0.72013277
8.669434e-07,0.6718268,0.32817233
8.9455284e-08,0.99711597,0.0028839603
2.4317054e-05,0.72293675,0.27703893
2.3102501e-08,0.9999194,8.056714e-05
1.8433917e-06,0.995353,0.0046451543
1.44236055e-05,0.9286388,0.071346834
2.4667716e-07,0.9989379,0.0010618771
2.1161345e-06,0.9069385,0.09305935
5.7137506e-05,0.12940244,0.87054044
6.8474733e-06,0.108786345,0.8912068
8.03116e-08,0.9997683,0.00023156624
1.8663881e-06,0.9880348,0.011963279
2.2954853e-06,0.9876424,0.012355305
2.8441764e-07,0.9960372,0.0039626197
2.7255984e-07,0.9985347,0.0014650698
9.415087e-08,0.99943775,0.00056215236
1.6396236e-06,0.00018133514,0.9998171
1.1964904e-06,0.9881593,0.011839469
3.838255e-06,0.7287269,0.2712693
4.421055e-06,0.48191193,0.51808363
1.1280687e-06,0.9866742,0.013324662
4.632688e-08,0.9999306,6.9337846e-05
2.7410866e-07,0.99922013,0.0007795954
6.5424083e-06,0.012033848,0.9879596
5.4092775e-06,0.9983712,0.0016235173
0.0001271164,0.43413246,0.56574035
5.5316063e-06,0.7465548,0.25343966
1.7562273e-07,0.9986506,0.0013492967
1.4896032e-07,0.99843484,0.0015650443
7.888949e-06,0.055059385,0.9449327
1.7277456e-06,0.9951432,0.0048550656
7.498438e-07,0.009828522,0.9901708
2.1790963e-06,0.5464835,0.45351437
1.7664239e-07,0.999479,0.0005209148
1.5464976e-06,0.9923322,0.0076662037
2.3287326e-05,0.20301636,0.79696035
3.0541418e-05,0.9227901,0.077179275
0.00012448897,0.09848401,0.9013915
4.1049325e-06,0.8894973,0.11049861
7.636578e-07,0.99736744,0.0026318221
2.719505e-07,0.9939231,0.00607657
1.0540105e-06,0.9642949,0.03570405
2.8409893e-06,0.9491218,0.050875407
3.9721098e-07,0.99401546,0.0059842016
7.9182206e-07,0.99460727,0.0053919614
3.1608803e-07,0.9984276,0.0015720276
8.968028e-08,0.9990445,0.0009554378
6.4348995e-08,0.99972934,0.00027058282
3.3019783e-06,0.3271709,0.6728258
1.5266401e-06,0.98350495,0.016493486
1.6625247e-05,0.9846927,0.01529067
7.2132107e-06,0.8838827,0.11611013
5.5133187e-06,0.3134401,0.68655443
2.5853948e-08,0.9999654,3.4526285e-05
5.9522796e-07,0.9958228,0.004176665
1.7114867e-06,0.010742839,0.9892554
1.4160276e-09,0.99999785,2.176965e-06
1.1959243e-05,0.9355536,0.06443443
7.505235e-08,0.9996939,0.00030603554
1.8778913e-06,0.047665253,0.95233285
3.6673206e-05,0.14119431,0.85876894
4.099434e-08,0.9997012,0.00029877343
3.0674532e-06,0.8510144,0.1489826
5.016128e-07,0.9978514,0.0021481784
1.3062978e-05,0.0072133946,0.9927736
9.775238e-06,0.99531674,0.0046734917
2.852935e-05,0.84674424,0.15322717
9.472943e-06,0.48455134,0.5154392
2.5182695e-07,0.9945333,0.0054664677
1.0127926e-06,0.9923847,0.007614212
2.1243875e-07,0.9989405,0.0010592103
1.031088e-06,0.9968549,0.0031439606
1.4887615e-07,0.99957746,0.00042241902
3.006501e-07,0.99706703,0.0029326521
0.0001460821,0.02170269,0.9781512
9.9160374e-08,0.9997315,0.00026838938
1.7564133e-07,0.99945,0.00054988574
2.5742415e-07,0.99943167,0.00056806166
2.6459768e-08,0.99975103,0.0002490064
4.7459844e-07,0.00038476734,0.9996147
1.7403372e-05,0.9984824,0.0015002073
0.00012131307,0.21646717,0.78341156
1.321268e-07,0.9995028,0.00049705914
0.00033363004,0.95963216,0.040034253
6.2370877e-06,0.9777303,0.022263417
4.0666862e-08,0.9998841,0.000115814815
3.9254192e-07,0.9990308,0.00096888683
9.230592e-06,0.027341077,0.97264975
4.2513686e-05,0.56054634,0.43941116
2.249095e-07,0.9991591,0.00084062514
0.00047675066,0.15266052,0.84686273
6.0707465e-05,0.9414617,0.058477566
1.8388786e-05,0.099144034,0.9008376
8.334956e-08,0.9992125,0.00078738935
3.5722192e-06,0.44971943,0.55027705
1.8554722e-07,0.9993591,0.00064074784
3.8606275e-05,0.9475906,0.05237084
2.6458147e-05,0.0066411034,0.99333245
1.462524e-05,0.81555,0.18443537
8.306574e-06,0.99559444,0.0043971944
4.9079357e-08,0.99970156,0.00029842442
8.3448334e-08,0.99972135,0.00027847925
1.0642444e-06,0.99428177,0.0057171853
1.0646856e-06,0.00921865,0.9907803
9.96478e-06,0.9710661,0.028923985
8.8848697e-07,0.98877245,0.0112266615
1.144435e-05,0.9723228,0.027665725
4.0604166e-07,0.99627066,0.003728972
0.00018301008,0.65400106,0.34581596
7.94349e-07,0.8824094,0.117589764
3.1584835e-07,0.99845684,0.0015427611
1.6036185e-07,0.9968569,0.0031428938
1.3285664e-06,0.9952905,0.0047082077
5.721465e-07,0.994799,0.00520041
3.771379e-06,0.9929162,0.007079954
1.6526946e-06,0.9574373,0.042561077
8.727081e-06,0.870809,0.12918219
1.15230705e-07,0.99789387,0.002106074
2.0043078e-07,0.9986879,0.0013118712
2.7607147e-08,0.9999335,6.6567816e-05
2.2033585e-07,0.99855214,0.0014475731
3.110353e-05,0.2858442,0.7141246
8.9466334e-07,0.98796755,0.012031587
2.007293e-05,0.051013388,0.94896656
6.142659e-08,0.99991024,8.960076e-05
4.104036e-06,0.9553048,0.04469109
3.421412e-07,0.99936706,0.0006326457
2.0528846e-06,0.9899053,0.0100926915
1.7934612e-07,0.99860066,0.0013990488
1.654211e-05,0.8085732,0.1914102
2.4104095e-06,0.9701736,0.029823994
2.353136e-05,0.060906015,0.9390704
1.5607166e-05,0.2798096,0.72017485
2.0875463e-05,0.96260303,0.037376087
8.519987e-07,0.99622726,0.0037719617
0.00028774864,0.53505576,0.4646565
8.966312e-07,0.9925344,0.0074646235
6.532798e-08,0.9998234,0.00017654587
6.345374e-05,0.7725138,0.22742273
1.3959361e-06,0.99596053,0.0040380796
0.00020402696,0.7579889,0.24180707
1.8271213e-06,0.17681341,0.8231847
3.0656242e-06,0.9983798,0.0016170682
9.032824e-08,0.99967635,0.00032350674
5.736681e-08,0.9995877,0.0004122562
4.084659e-08,0.9998479,0.0001521273
3.9983595e-05,0.2650973,0.73486274
3.9555263e-07,0.9873934,0.012606199
1.3375878e-06,0.0024103126,0.9975884
0.00012630994,0.40960887,0.59026486
7.449355e-08,0.99992037,7.947441e-05
2.1555444e-07,0.9942825,0.0057173064
1.08125036e-07,0.99681646,0.003183409
1.8978164e-06,0.21114783,0.78885025
1.01308615e-05,0.9966558,0.0033340834
1.1725884e-06,0.99812764,0.0018711591
5.533192e-08,0.99996114,3.8852224e-05
7.5698385e-06,0.9981231,0.0018693126
2.9122998e-07,0.99865794,0.0013418094
8.180934e-06,0.106824175,0.8931676
1.4906838e-06,0.95820296,0.041795533
5.496101e-07,0.9970613,0.0029380578
2.7558885e-06,0.3814575,0.61853975
1.4531285e-05,0.5885211,0.4114644
7.411457e-08,0.998548,0.001451871
4.1495218e-07,0.9988507,0.001148899
6.395696e-05,0.4879743,0.51196176
2.1145695e-06,0.9804419,0.019555934
4.023537e-08,0.9997514,0.0002485633
3.8394776e-07,0.99220955,0.0077900626
2.506632e-08,0.9996364,0.00036353598
1.8652456e-05,0.7758906,0.22409067
1.0756322e-06,0.99541134,0.004587559
3.6005938e-06,0.5208026,0.4791938
1.5730133e-06,0.9978859,0.0021125271
2.6496414e-07,0.9978296,0.002170104
1.636602e-08,0.999979,2.0989883e-05
2.026998e-08,0.99989104,0.0001089075
3.3713155e-07,0.99522614,0.004773458
1.0716342e-05,0.8641612,0.13582806
1.9997797e-08,0.9998153,0.00018475426
4.3575633e-06,0.9054222,0.09457349
1.0629492e-07,0.99968195,0.0003179868
1.9833752e-07,0.99914646,0.00085331255
2.6285494e-07,0.99982387,0.00017595565
5.7966954e-05,0.09371234,0.90622973
1.4945239e-07,0.9993266,0.0006733483
1.4551918e-06,0.99140406,0.008594447
9.212043e-06,0.9803874,0.019603372
9.814116e-06,0.014121167,0.98586905
1.5548504e-07,0.99885,0.0011499351
8.8019384e-05,0.011881751,0.98803025
5.0806393e-06,0.9856102,0.014384827
6.506061e-06,0.52097136,0.4790221
1.07717e-08,0.99996996,3.001575e-05
4.0516163e-08,0.9998566,0.00014336823
2.545863e-06,0.9563491,0.043648496
5.0554645e-05,0.9515417,0.048407752
2.090058e-06,0.9911897,0.008808147
3.867671e-06,0.99117774,0.008818281
2.554475e-08,0.9999198,8.0176644e-05
2.1163223e-07,0.9992888,0.00071099197
2.1135e-06,0.8879151,0.112082794
1.01237365e-05,0.97328454,0.026705382
7.32746e-07,0.98811406,0.011885258
1.4424066e-05,0.045585368,0.9544002
2.351897e-07,0.996418,0.0035817479
9.216357e-09,0.9999913,8.756436e-06
9.881925e-06,0.33321798,0.6667721
1.00863915e-07,0.9997136,0.00028630023
2.642235e-06,0.002234094,0.9977633
6.265818e-06,0.8975187,0.102475
2.9558553e-08,0.999966,3.3957425e-05
1.4644977e-06,0.99784493,0.0021536169
5.2290543e-06,0.026534192,0.9734606
9.769583e-07,0.9920907,0.007908392
5.931679e-08,0.99994063,5.9375627e-05
1.2016993e-07,0.99957997,0.0004199522
2.1200582e-07,0.9984861,0.0015137292
2.0250736e-06,0.93175125,0.06824669
3.479028e-06,0.7786882,0.22130835
6.4446584e-07,0.9920861,0.007913334
2.44022e-05,0.9741046,0.025870973
1.0895582e-06,0.94224113,0.057757713
2.1806122e-06,0.98402804,0.015969748
2.0946868e-06,0.936552,0.063445956
1.0910795e-06,0.97661054,0.023388457
6.3690345e-07,0.9947036,0.005295759
0.00075367995,0.814042,0.1852043
5.945486e-05,0.013876821,0.9860638
2.0700883e-05,0.7380006,0.2619788
1.2311652e-07,0.9973833,0.0026165755
3.949175e-07,0.997609,0.002390637
1.4950076e-06,0.9940084,0.005989991
1.8985372e-07,0.9974595,0.0025402838
9.3020657e-07,0.9896458,0.010353284
1.69826e-06,0.9642606,0.03573772
2.1232392e-05,0.4323423,0.56763643
9.354855e-05,0.0023801115,0.99752635
1.74746e-08,0.9999875,1.2557318e-05
1.2935211e-05,0.9056655,0.09432154
3.2981475e-06,0.86588925,0.13410746
1.1622843e-06,0.99234927,0.007649593
2.1959937e-05,0.9264615,0.0735165
1.9322604e-06,0.9811318,0.018866278
1.6041497e-06,0.4814239,0.5185744
1.1748999e-08,0.99995124,4.8716483e-05
7.7774375e-06,0.793425,0.20656723
2.254873e-05,0.937641,0.062336404
1.3022784e-06,0.96543634,0.03456238
2.1342669e-06,0.9822213,0.017776554
1.5766493e-07,0.9992549,0.0007449693
3.7800419e-06,0.05753351,0.9424627
1.020807e-07,0.99966204,0.00033788805
1.300311e-07,0.99951696,0.00048294567
7.0719125e-06,0.87745255,0.12254037
2.2378384e-08,0.9999515,4.8465474e-05
6.780271e-08,0.99952006,0.0004798739
1.486128e-07,0.99755716,0.002442731
2.9057837e-06,0.7928752,0.20712195
1.9093461e-07,0.99075013,0.009249614
5.8079646e-08,0.99969375,0.0003062206
4.9572196e-07,0.9966786,0.0033209536
5.3300005e-07,0.99221957,0.0077798655
7.799289e-08,0.9984863,0.0015135729
1.7314755e-06,0.993792,0.0062062405
1.3374035e-06,0.99918574,0.00081292464
2.1453482e-06,0.91314805,0.086849734
4.0567394e-07,0.9954482,0.0045514298
4.7693857e-07,0.99888057,0.00111901
0.00797568,0.0815499,0.9104744
8.87437e-07,0.99229616,0.0077028307
1.8235501e-07,0.9943651,0.005634681
9.866587e-07,0.9809733,0.019025696
1.1544274e-07,0.9981363,0.0018635532
1.0681292e-07,0.999796,0.00020397623
5.9807377e-07,0.97995985,0.020039558
2.7218306e-07,0.998816,0.0011837574
1.6244602e-06,0.8842869,0.11571156
9.5569645e-05,0.019139526,0.9807649
1.8563835e-08,0.99992096,7.897957e-05
2.355509e-05,0.8891872,0.110789225
8.6185814e-08,0.9999176,8.230707e-05
5.981141e-06,0.10257419,0.89741987
1.2058063e-05,0.79970026,0.20028776
5.5696128e-06,0.98739016,0.012604378
6.098334e-07,0.0150225265,0.9849769
1.2577948e-05,0.88613516,0.11385234
2.668287e-07,0.9985864,0.0014133235
1.0144729e-06,0.94837904,0.051619988
5.132887e-05,0.021352068,0.97859657
3.1844254e-06,0.95678294,0.0432139
3.8995636e-06,0.98419905,0.01579712
0.00013924837,0.3904392,0.6094216
2.431575e-06,0.99400806,0.005989398
1.639985e-06,0.97946954,0.020528799
0.00011567989,0.29076785,0.70911646
1.8181641e-05,0.0024829519,0.9974988
2.208957e-06,0.07960709,0.92039067
1.3616109e-07,0.99819547,0.0018044343
4.2436525e-07,0.9922227,0.0077767717
9.173634e-06,0.97747916,0.022511572
5.5607607e-08,0.99990726,9.27562e-05
5.3942205e-08,0.99998367,1.6337099e-05
1.1545054e-07,0.9989008,0.001099145
1.8034892e-06,0.9872181,0.012780126
6.769415e-07,0.99666566,0.003333614
1.6786135e-08,0.99998784,1.2135046e-05
5.0547666e-08,0.99965024,0.00034971035
5.6609362e-05,0.0008377719,0.99910563
7.2039194e-07,0.9947395,0.005259778
2.763774e-07,0.98943514,0.010564628
0.00026383382,0.014205993,0.98553014
9.248405e-06,0.8022204,0.1977703
9.1826674e-05,0.009470607,0.99043757
8.6752516e-07,0.98084086,0.019158335
4.047596e-06,0.02114138,0.97885454
0.0001343337,0.97361845,0.026247209
6.1628214e-08,0.9996511,0.0003487967
1.0835432e-05,0.17554753,0.8244417
1.8961623e-07,0.9969825,0.0030171997
7.040028e-05,0.021696726,0.97823286
1.3868271e-07,0.99917394,0.00082592963
6.4889707e-09,0.9999913,8.66543e-06
4.6221776e-06,0.07184858,0.9281468
5.6862377e-06,0.045171835,0.9548225
0.0004660198,0.4996331,0.49990097
1.1137852e-08,0.9999422,5.7805242e-05
9.599565e-07,0.9769895,0.023009526
3.9491615e-06,0.0031118332,0.99688417
4.0534264e-06,0.75851476,0.24148121
3.7679454e-06,0.054849423,0.9451468
6.8664035e-06,0.123117074,0.8768761
2.2693052e-06,0.95400435,0.04599338
1.6960574e-06,0.9730347,0.026963603
1.0243841e-05,0.37324393,0.6267458
1.6561733e-06,0.4403669,0.55963147
2.9898894e-07,0.9984137,0.0015859745
5.999212e-08,0.9994074,0.0005925323
5.172995e-07,0.99782795,0.0021716077
1.7087486e-07,0.997988,0.0020118845
2.200921e-06,0.96615225,0.033845607
1.0685011e-05,0.9988638,0.0011254823
3.2440425e-08,0.9999769,2.3179431e-05
4.7005253e-07,0.9989532,0.0010463095
1.9233532e-05,0.2959755,0.7040053
6.6018792e-06,0.85623956,0.14375377
8.851204e-05,0.0053300597,0.9945814
4.4855117e-08,0.9999678,3.2198568e-05
1.3779372e-05,0.08551196,0.9144743
8.796863e-06,0.97427815,0.025712984
9.2657086e-07,0.9983399,0.0016590954
1.1005345e-07,0.9983754,0.0016244324
1.8327368e-07,0.99857044,0.0014293585
1.9789744e-07,0.9980672,0.0019326146
2.8328811e-06,0.9571645,0.042832647
7.174589e-07,0.99587184,0.0041274014
9.410001e-07,0.99607015,0.003928855
1.2522106e-07,0.9997993,0.00020060323
2.0976338e-06,0.17356998,0.82642794
2.1145972e-06,0.9836072,0.016390748
4.436249e-08,0.9998441,0.00015589075
3.8420535e-06,0.002451845,0.9975442
4.81088e-08,0.99899083,0.0010091431
1.683589e-08,0.9999491,5.0849125e-05
3.6924494e-08,0.9998785,0.00012149009
7.070938e-07,0.9921813,0.007818025
5.7889024e-06,0.9161953,0.08379888
8.582869e-08,0.9993304,0.0006695619
7.464084e-07,0.99885356,0.0011456641
1.8029868e-06,0.8259756,0.17402266
3.8970225e-06,0.82781535,0.17218083
3.1703187e-06,0.16689879,0.833098
7.080262e-08,0.9998184,0.00018153782
4.294399e-08,0.9998343,0.00016568895
4.3388965e-08,0.99978966,0.00021035931
8.259662e-06,0.35163984,0.6483519
1.677478e-07,0.9975189,0.002481029
4.8964736e-08,0.9999497,5.0328454e-05
1.785748e-06,0.91999626,0.08000193
1.3817015e-07,0.99948967,0.0005101552
4.985849e-07,0.99937063,0.0006289222
3.494474e-05,0.44552475,0.5544403
4.7231524e-07,0.97606885,0.023930741
1.9353402e-06,0.97784,0.022157973
1.6250312e-06,0.9683197,0.031678677
2.3972625e-06,0.99523914,0.0047585075
1.3883887e-05,0.9948866,0.0050996025
1.4500202e-06,0.9356146,0.064383924
1.5555507e-06,0.996093,0.0039055035
1.0535834e-05,0.9979377,0.0020518093
1.6582887e-06,0.00030110663,0.9996972
9.183661e-08,0.99949646,0.0005034219
1.2554437e-06,0.00536885,0.99462986
5.706e-06,0.04153893,0.9584553
0.00091341685,0.050702102,0.9483845
0.00020583873,0.03454303,0.96525115
6.830444e-07,0.90138155,0.09861788
1.77321e-05,0.9687694,0.031212846
2.6364785e-05,0.073323265,0.92665035
5.576262e-06,0.9775737,0.022420699
9.019396e-07,0.99601495,0.0039841146
1.8708493e-05,0.38131684,0.6186644
7.39812e-06,0.9944429,0.005549718
2.2259625e-05,0.26815695,0.7318208
2.9699404e-05,0.41831553,0.5816548
2.5580792e-07,0.99956495,0.0004348285
3.7415575e-07,0.9987627,0.001236944
2.1721711e-05,0.20841846,0.7915598
2.4937813e-06,0.16733451,0.83266294
3.6275924e-06,0.7404521,0.25954428
2.3262513e-05,0.060424346,0.93955237
0.0001376199,0.7572551,0.24260731
9.130538e-06,0.085051894,0.914939
1.3773807e-06,0.98911357,0.010885023
7.8423305e-05,0.2941087,0.7058129
0.00012887674,0.19390227,0.8059689
1.8232768e-07,0.9989587,0.0010410866
0.0002772569,0.013053092,0.98666966
2.3814471e-07,0.9977137,0.0022860619
0.0003389346,0.6492305,0.3504307
1.9686092e-07,0.9997625,0.00023723362
0.0021971262,0.84542006,0.15238282
7.722326e-08,0.998779,0.0012208718
4.3361756e-06,0.05294237,0.9470533
1.2558027e-07,0.99983704,0.00016282672
9.0949015e-06,0.2859096,0.7140813
2.1589942e-06,0.9596071,0.040390722
0.00056735636,0.022963937,0.9764687
3.3022136e-06,0.97638124,0.023615524
4.1539522e-05,0.8247881,0.17517038
3.8046244e-05,0.122157075,0.8778049
0.00014790418,0.6218587,0.37799335
1.7939054e-06,0.9994716,0.0005266541
1.7809573e-07,0.9987833,0.0012166045
6.6804682e-06,0.012007122,0.98798615
4.024236e-07,0.99624854,0.0037511582
5.0860797e-07,0.97760594,0.022393517
1.6321444e-07,0.99735665,0.0026433042
2.6707548e-07,0.99748456,0.0025151449
1.056422e-05,0.08696383,0.9130256
1.0058416e-05,0.17473046,0.82525945
1.8690407e-07,0.9991837,0.0008160782
1.7935961e-05,0.00070036674,0.9992817
2.370605e-05,0.28258598,0.71739036
1.0974667e-05,0.71460575,0.28538334
9.1674707e-07,0.9895655,0.010433564
4.4648908e-07,0.99757975,0.002419827
1.1233292e-05,0.079954825,0.92003393
9.780923e-07,0.9934412,0.006557809
1.2029143e-07,0.9933335,0.0066663725
6.6088623e-06,0.5285394,0.47145396
9.558387e-05,0.9585198,0.041384574
3.2993316e-07,0.9965192,0.0034804298
2.6660985e-06,0.27807954,0.72191775
2.541987e-06,0.35092002,0.6490774
6.797387e-08,0.9995122,0.0004876976
6.135937e-08,0.99917245,0.0008274851
2.4559376e-06,0.9968995,0.0030980085
1.12068776e-07,0.9988726,0.0011272979
9.198796e-08,0.9995447,0.00045515463
1.3200589e-06,0.84923464,0.15076403
1.1880663e-06,0.94383496,0.056163814
9.8198025e-06,0.061246775,0.93874335
2.2004078e-06,0.95046216,0.04953573
1.9569741e-05,0.22336166,0.7766188
1.6985396e-05,0.19803706,0.8019459
1.0765094e-06,0.9903916,0.009607313
9.115602e-08,0.9998741,0.00012569966
2.138545e-05,0.068741426,0.9312372
3.632182e-08,0.99985576,0.000144234
1.4468036e-05,0.07445796,0.9255276
8.781271e-06,0.83485156,0.16513966
1.3771374e-07,0.9996333,0.000366597
7.7425153e-07,0.9994338,0.0005655
1.6935665e-08,0.9998938,0.00010624888
2.4528667e-06,0.60250014,0.39749748
3.7413693e-06,0.99828535,0.0017109638
9.950645e-06,0.054078475,0.9459116
6.935354e-07,0.98804593,0.011953349
5.8086125e-06,0.033463083,0.96653116
1.9236372e-06,0.925615,0.07438316
8.297492e-07,0.90454245,0.09545666
6.9558823e-06,0.006351634,0.99364144
7.235504e-06,0.45836806,0.5416247
1.7384238e-07,0.997535,0.002464929
7.061863e-07,0.9914391,0.008560203
7.6942705e-08,0.9996971,0.00030278252
5.5294004e-06,0.0026750807,0.9973194
6.203626e-06,0.5700752,0.42991856
8.707789e-06,0.7989167,0.20107463
2.7429043e-05,0.045092244,0.9548803
3.621566e-07,0.99448687,0.0055127973
3.339761e-07,0.99520844,0.004791155
6.1832257e-06,0.23972209,0.7602717
4.021168e-08,0.99984145,0.0001585027
3.932109e-07,0.99759656,0.0024031256
5.042934e-07,0.9905682,0.009431348
2.517889e-06,0.9605193,0.03947819
5.9828058e-06,0.5729552,0.42703876
2.780084e-06,0.98800886,0.011988285
2.6331797e-06,0.15274769,0.8472497
5.007204e-07,0.9987889,0.0012106877
3.7092693e-07,0.9992562,0.0007433805
1.50059095e-05,0.42435288,0.57563215
5.127393e-06,0.0014713852,0.99852353
0.00022754364,0.5948049,0.4049676
3.2184232e-07,0.99116665,0.008832954
7.8900484e-08,0.99976665,0.00023319207
3.9556788e-05,0.012900905,0.9870595
3.2775888e-06,0.950436,0.049560685
1.3934774e-06,0.9969103,0.0030883441
1.7092168e-06,0.007108441,0.9928899
6.266867e-06,0.63604134,0.36395234
2.039002e-05,0.16267388,0.8373058
3.6486403e-05,0.026660461,0.9733031
4.9789656e-07,0.9976255,0.002373946
1.1369022e-07,0.99948287,0.00051701086
1.4446573e-08,0.9999753,2.46511e-05
7.750823e-06,0.99103594,0.008956268
3.5684494e-07,0.99790406,0.002095624
2.4803392e-06,0.9695389,0.030458663
1.7339254e-06,0.9706177,0.029380582
1.114064e-06,0.99815613,0.0018427819
1.575103e-05,0.7117508,0.2882334
2.687154e-07,0.99812204,0.0018776957
2.3451406e-07,0.9962692,0.0037305176
2.8033926e-07,0.99615806,0.003841716
0.00010587952,0.099553764,0.9003404
6.918144e-07,0.99803203,0.001967246
8.526125e-06,0.63496685,0.36502463
1.9728046e-05,0.6930955,0.30688474
1.316497e-07,0.99977046,0.00022940058
3.4579173e-08,0.9998869,0.00011312969
3.8375083e-06,0.0070051476,0.992991
1.2957665e-06,0.99503964,0.004959104
3.2321413e-08,0.99967563,0.00032438236
3.4844272e-06,0.9831702,0.016826196
2.7139204e-06,0.93192065,0.068076685
7.906451e-08,0.99952984,0.00047010503
3.070523e-06,0.9972144,0.00278253
7.352209e-06,0.028787468,0.9712052
3.2431075e-05,0.97981024,0.020157311
3.360673e-06,0.20414203,0.79585457
7.0493826e-08,0.9997371,0.00026275133
5.2158306e-08,0.99987936,0.000120569704
1.5462207e-06,0.9944735,0.005524929
9.33993e-06,0.21591412,0.7840765
9.3379026e-07,0.99797565,0.0020234261
1.5374196e-06,0.9980083,0.0019902133
2.9454256e-07,0.99897003,0.0010297719
5.1080868e-05,0.39973596,0.60021293
1.6057713e-07,0.99963737,0.00036244362
3.9787622e-08,0.99989235,0.00010765268
2.093927e-06,0.95656747,0.04343048
2.1059789e-06,0.8944353,0.10556262
3.6239888e-07,0.99924904,0.0007505965
2.6733624e-05,0.91970104,0.08027225
2.41367e-06,0.096581295,0.90341634
8.069744e-07,0.02070352,0.97929573
1.4312518e-05,0.026534794,0.9734509
1.1294416e-06,0.98918825,0.0108105345
5.962496e-07,0.98913306,0.010866387
5.134609e-07,0.99988365,0.000115865354
1.5607866e-07,0.99571687,0.004282994
4.213623e-07,0.99599934,0.0040002437
3.0627032e-07,0.99464583,0.0053538885
7.0948445e-05,0.93990445,0.060024645
5.1739557e-06,0.9904067,0.009588092
6.6424054e-06,0.6488997,0.3510937
4.2914285e-06,0.05746188,0.94253385
7.7565943e-07,0.9955042,0.0044950037
8.800612e-07,0.9935882,0.006410974
1.1014961e-05,0.14545418,0.85453475
2.2328754e-06,0.02750163,0.97249615
7.311229e-05,0.6759378,0.32398918
5.3641593e-06,0.054897178,0.9450975
4.7588646e-06,0.02650594,0.9734893
0.0038632548,0.23335823,0.7627785
3.9543534e-06,0.95600134,0.04399461
4.602787e-06,0.23946585,0.7605295
1.3807867e-06,0.9805571,0.019441543
2.268155e-06,0.99428296,0.005714829
4.479773e-07,0.99662906,0.0033704608
6.6006925e-07,0.99622077,0.0037785633
1.0450963e-08,0.99995804,4.1996842e-05
4.7566323e-06,0.097853936,0.90214133
1.7700339e-07,0.99713,0.0028698803
0.0006311744,0.08981559,0.9095533
1.8011004e-07,0.9989091,0.0010906826
3.1562905e-07,0.99837947,0.0016201595
7.0013402e-06,0.9739241,0.02606889
6.9570774e-06,0.012957971,0.9870351
1.5695858e-07,0.9980527,0.001947186
2.1881624e-08,0.999863,0.00013691095
3.6561932e-08,0.9998281,0.00017184054
3.9894825e-05,0.82572615,0.17423397
4.90176e-07,0.0027203397,0.9972792
1.0292181e-06,0.99436593,0.00563298
2.8168154e-07,0.99462366,0.0053761536
2.2037948e-05,0.9888543,0.0111236395
3.4745547e-06,0.72113025,0.27886638
4.6308915e-07,0.99572146,0.004278003
1.0930972e-06,0.99835,0.0016489113
4.8031466e-06,0.29045922,0.70953596
2.4796038e-06,0.98475915,0.015238312
3.9610775e-05,0.9766435,0.023316864
1.0377381e-06,0.9862877,0.013711151
3.007947e-07,0.9705691,0.029430542
7.3628587e-07,0.9955481,0.0044511906
7.4844056e-06,0.042820517,0.95717204
7.655253e-08,0.9997098,0.00029006484
5.5171035e-06,0.6972494,0.30274507
1.7533719e-05,0.094053276,0.9059292
2.2569432e-07,0.99883765,0.0011621328
2.1868018e-05,0.9548317,0.045146413
1.6041326e-06,0.98266417,0.017334187
8.743752e-07,0.991437,0.008562144
7.239648e-05,0.9663056,0.033622123
9.230097e-06,0.013127833,0.9868629
2.6866317e-07,0.99941945,0.0005803045
6.1270065e-08,0.99996245,3.7431273e-05
2.1281937e-06,0.007147737,0.9928502
4.363577e-08,0.9997092,0.0002908358
4.7237228e-07,0.9986218,0.0013777661
1.4774995e-06,0.9782558,0.021742748
2.649556e-07,0.9989361,0.0010636626
2.5126715e-06,0.9964786,0.0035189174
1.3218708e-05,0.94367075,0.05631603
6.0852985e-06,0.80844975,0.19154418
0.00010009234,0.6579923,0.34190765
5.669334e-07,0.9816906,0.018308857
4.5357833e-06,0.74546784,0.25452757
6.8083586e-06,0.0010766258,0.9989166
0.0003706999,0.6894519,0.31017745
1.5728592e-05,0.0088713085,0.991113
1.0002565e-07,0.99336797,0.0066318694
7.668517e-06,0.08066265,0.9193297
4.2388383e-06,0.940158,0.05983769
1.2614069e-06,0.99205196,0.007946692
1.17859045e-05,0.82169145,0.17829679
1.0464677e-07,0.9996019,0.00039802594
3.8015257e-06,0.8465131,0.15348302
2.8976382e-07,0.9933669,0.006632865
1.7356704e-05,0.0014016861,0.99858093
2.8714481e-07,0.9990496,0.0009501339
3.8052897e-07,0.9968706,0.0031291225
2.3945785e-07,0.99819905,0.0018007044
4.9654604e-06,0.7769185,0.22307655
2.8865136e-06,0.04012657,0.9598705
3.4377952e-06,0.0058742166,0.9941223
0.00026510708,0.52351856,0.47621632
2.6908668e-07,0.9996803,0.00031944888
3.8597634e-07,0.99737763,0.0026220698
1.6593318e-05,0.8268303,0.17315313
9.942196e-08,0.9996767,0.00032323977
3.8145095e-06,0.86034673,0.13964945
6.696711e-07,0.9937152,0.0062840525
1.4537618e-05,0.9825681,0.01741744
8.326915e-06,0.006827192,0.9931645
5.631979e-06,0.75514835,0.24484593
4.0903988e-06,0.99014205,0.0098539
7.4715025e-08,0.99992883,7.099623e-05
1.9891033e-06,0.9182995,0.08169858
2.7210908e-07,0.9971789,0.0028208033
4.011768e-07,0.9984516,0.0015480026
2.5380106e-07,0.9917686,0.008231131
1.7943585e-05,0.9085536,0.09142846
2.932744e-06,0.99908733,0.00090966583
7.6464744e-08,0.99827766,0.0017221709
3.1094385e-07,0.99911016,0.00088948576
5.2199385e-07,0.9798678,0.02013177
2.0221982e-07,0.9994312,0.00056855736
1.6319413e-07,0.99949956,0.0005003048
5.111359e-06,0.026191562,0.97380334
0.00028688167,0.3980274,0.60168576
5.59806e-06,0.5452824,0.45471206
5.9525696e-08,0.9998591,0.00014084278
1.2956448e-07,0.99926764,0.0007322632
1.3288398e-05,0.98895055,0.011036144
0.0003564122,0.66747266,0.332171
1.0013052e-07,0.99959904,0.0004008074
4.5448758e-08,0.99988437,0.000115566705
2.3664168e-08,0.999864,0.00013603349
0.0012105454,0.59246886,0.40632054
1.4763724e-06,0.9951669,0.0048316633
3.353102e-07,0.99607,0.00392964
3.653495e-07,0.9988859,0.0011137804
6.175582e-08,0.99946696,0.0005329374
3.5470674e-07,0.99870193,0.0012976447
0.00033000603,0.11684201,0.88282794
9.5569645e-05,0.019139526,0.9807649
2.8071338e-06,0.88991696,0.11008032
2.4529354e-06,0.99777585,0.002221696
0.00012484935,0.9474942,0.052380968
1.8379153e-05,0.93134326,0.068638235
1.043916e-06,0.9895549,0.01044413
4.8331e-05,0.5052589,0.49469277
9.894122e-07,0.99800974,0.0019893358
8.136475e-06,0.61918974,0.3808021
1.124927e-05,0.35339987,0.64658886
2.0404454e-05,0.854996,0.14498362
0.0004057776,0.35101154,0.64858264
5.8964698e-08,0.999858,0.00014194593
8.182495e-05,0.24601142,0.7539067
4.126838e-06,0.10146041,0.8985355
1.2390301e-06,0.9702684,0.029730283
5.812468e-07,0.9884722,0.011527237
1.126754e-06,0.95991415,0.040084753
3.283586e-07,0.99915874,0.0008408798
0.0046661813,0.44150954,0.5538243
6.349917e-07,0.9895336,0.010465831
9.810096e-08,0.9997992,0.00020066118
2.6492006e-07,0.99644274,0.0035569754
1.3738047e-06,0.94783276,0.052165866
1.0301301e-06,0.99152195,0.008476933
5.7195307e-06,0.673516,0.32647827
1.09606496e-07,0.99837047,0.0016294172
0.00059937796,0.95678765,0.04261293
1.2539994e-07,0.9972498,0.002750058
1.1247722e-06,0.90056646,0.09943248
4.2237355e-07,0.9988887,0.0011109108
3.05745e-05,0.83687705,0.16309236
4.5508423e-05,0.033331044,0.9666235
4.84309e-07,0.99439853,0.005600954
4.2383297e-07,0.99233997,0.007659533
6.1040296e-06,0.9947826,0.005211321
1.38245805e-05,0.08576686,0.9142194
1.3940128e-06,0.98362076,0.016377857
7.6040083e-06,0.8946363,0.105356194
1.0543418e-07,0.00022406591,0.9997758
0.0006684006,0.1065195,0.8928121
8.98148e-06,0.93994737,0.06004369
2.0940038e-06,0.98937243,0.01062543
1.7935961e-05,0.00070036674,0.9992817
7.1995237e-07,0.0011741177,0.99882513
2.0013342e-05,0.86915106,0.13082895
1.4614119e-06,0.99667346,0.0033250481
3.0887975e-07,0.99886644,0.0011332139
7.9928697e-07,0.96714485,0.032854404
6.798546e-08,0.9998085,0.00019145814
9.4341056e-07,0.9845478,0.015451275
6.7867e-05,0.8888594,0.11107273
4.203631e-07,0.9957282,0.0042712917
1.4828628e-07,0.99948514,0.0005146898
1.9286002e-05,0.37516183,0.6248189
2.5876409e-08,0.9996799,0.0003201096
7.406008e-05,0.033510126,0.9664158
3.8145345e-07,0.9977964,0.0022032885
6.507788e-08,0.9998462,0.00015365114
1.5275837e-05,0.6310151,0.3689696
1.4088168e-06,0.9945891,0.0054094647
1.4631376e-06,0.052919988,0.9470785
1.7301426e-06,0.97622836,0.02376995
3.32603e-05,0.968612,0.031354744
5.7391023e-08,0.9995328,0.00046720714
6.468855e-08,0.99964416,0.00035576386
1.5175433e-06,0.9747456,0.025252888
1.1295668e-05,0.9947885,0.0052002263
2.6215864e-07,0.996736,0.0032638058
2.4017106e-07,0.99747247,0.002527301
2.1880412e-07,0.99942964,0.0005700544
8.461917e-08,0.99989295,0.000106865125
1.1036957e-06,0.98429203,0.015706943
5.298545e-06,0.89149606,0.108498625
1.7195558e-07,0.9993661,0.0006338357
2.4827668e-06,0.91608685,0.08391066
5.644374e-07,0.0007014105,0.999298
3.263518e-07,0.9932267,0.006772939
2.4992473e-06,0.97701937,0.022978218
0.00012852522,0.07246697,0.92740446
3.0517816e-07,0.9983923,0.0016073114
4.0363314e-08,0.99994314,5.6823857e-05
1.8035036e-07,0.998237,0.0017627073
7.462394e-06,0.9236705,0.07632206
8.882743e-07,0.99865,0.0013492263
6.4131423e-06,0.95812196,0.04187162
5.145018e-07,0.99714065,0.0028589107
7.741872e-06,0.86218417,0.1378081
9.1151165e-08,0.9995921,0.00040775983
1.8391066e-07,0.9974227,0.0025770974
3.7054351e-06,0.9722677,0.027728606
4.5480324e-06,0.8701747,0.12982064
8.123337e-06,0.9447698,0.055222098
4.8303355e-07,0.984886,0.015113564
1.742673e-05,0.31699073,0.6829918
2.6566576e-07,0.99849486,0.0015048701
0.00062777725,0.34226954,0.65710264
9.234892e-07,0.9984425,0.0015565947
1.2346866e-06,0.9839886,0.01601017
2.6967532e-06,0.37805048,0.6219468
1.0551732e-07,0.99963903,0.000360792
7.2566486e-06,0.057737347,0.94225544
2.871266e-07,0.9964837,0.0035160403
1.0245157e-06,0.9518669,0.048132047
7.694683e-06,0.17820862,0.82178366
3.335478e-05,0.95734495,0.042621683
4.6982914e-05,0.00662614,0.9933269
4.5347218e-07,0.9991849,0.0008146306
3.6566066e-06,0.32542348,0.6745729
4.4410643e-07,0.99625385,0.0037456534
1.689023e-05,0.054510504,0.9454726
9.806207e-07,0.99872774,0.0012713101
3.347168e-07,0.9981665,0.0018332155
1.0610075e-07,0.9990747,0.00092511054
1.123335e-06,0.9949361,0.0050627613
3.4135994e-06,0.9114196,0.08857706
4.664708e-06,0.89765745,0.10233787
4.939536e-08,0.99993205,6.78949e-05
3.5271332e-05,0.4145001,0.58546466
2.6699586e-06,0.99904186,0.0009555446
2.43501e-06,0.24801028,0.75198734
4.4453814e-06,0.77229047,0.22770514
1.0607287e-06,0.98665375,0.013345261
2.3261891e-06,0.99442506,0.0055725877
1.3362165e-06,0.9860541,0.013944607
5.940291e-07,0.99115914,0.0088402275
9.601684e-07,0.98810476,0.011894376
7.02576e-08,0.9994229,0.0005770246
1.7204098e-06,0.057162706,0.94283557
7.5634614e-07,0.99945647,0.00054281694
2.7830805e-07,0.9998441,0.00015569715
1.733844e-06,0.9741023,0.025895858
1.432928e-07,0.99824995,0.0017498999
3.5769904e-06,0.9034808,0.09651561
0.0027356283,0.05339105,0.9438733
4.164487e-06,0.9651088,0.034887016
7.2963593e-07,0.9933048,0.006694456
3.2931122e-05,0.011673922,0.98829323
2.5318454e-06,0.9772061,0.022791296
1.965346e-06,0.91808826,0.08190978
5.514511e-07,0.9993293,0.00067014125
5.702582e-07,0.9884926,0.011506797
1.7554081e-06,0.0016035159,0.99839467
1.0557927e-05,0.015709015,0.98428047
5.5527005e-05,0.08626954,0.91367495
5.2017176e-06,0.019408163,0.98058665
2.173673e-07,0.99968004,0.00031975543
5.4890706e-06,0.109520815,0.8904737
4.047759e-06,0.9402617,0.059734274
2.5379045e-06,0.9991732,0.0008242031
4.996434e-06,0.3419868,0.65800816
1.0613336e-05,0.5971907,0.4027987
2.379303e-06,0.5043106,0.495687
3.532479e-06,0.5609112,0.43908525
3.9787765e-06,0.30793372,0.69206226
1.1139765e-06,0.9969989,0.0030000408
3.390812e-07,0.96381134,0.03618828
1.29814725e-05,0.61830944,0.38167757
6.7440036e-05,0.310167,0.6897655
5.2000814e-06,0.9826968,0.017298117
0.0001800638,0.6023852,0.39743465
1.8201452e-05,0.3058287,0.6941531
2.9247326e-06,0.20515154,0.7948456
7.516276e-05,0.13689479,0.86303
7.9457815e-05,0.0440923,0.95582825
1.2919012e-05,0.11421473,0.88577235
3.8244398e-05,0.041663162,0.9582986
5.782865e-07,0.99665725,0.0033421568
0.0002273777,0.17462827,0.82514435
3.9877336e-06,0.8840836,0.115912415
9.08431e-07,0.9190781,0.08092103
6.0192144e-07,0.9888496,0.011149761
1.985977e-07,0.9924604,0.0075393645
6.1062433e-06,0.2582631,0.7417308
1.817057e-06,0.94226253,0.05773571
1.5084956e-06,0.9929584,0.0070400685
4.5927567e-07,0.9912545,0.008745012
5.0903736e-07,0.9967315,0.003267968
7.268896e-05,0.5343162,0.46561116
2.8440003e-05,0.46081722,0.5391543
0.00026091427,0.8579623,0.14177674
2.7596307e-06,0.9682995,0.031697724
9.733711e-06,0.5974136,0.40257666
7.70917e-08,0.99970907,0.00029081636
7.963141e-06,0.0014926349,0.9984994
2.3454503e-07,0.9979394,0.0020603149
3.9328813e-07,0.99845874,0.001540879
5.5715833e-07,0.9986553,0.0013440106
6.354962e-07,0.9942062,0.0057931556
2.21722e-06,0.99177164,0.008226075
5.624712e-06,0.96694905,0.03304527
1.5914477e-08,0.9999589,4.1120024e-05
1.694724e-05,0.9077034,0.092279576
2.2280356e-07,0.00088132586,0.9991185
3.8524556e-07,0.9978123,0.0021873002
1.5353187e-07,0.99889636,0.0011034401
9.521376e-06,0.32230625,0.67768425
1.7013555e-05,0.8522719,0.14771111
8.290556e-07,0.9920473,0.007951841
5.434694e-05,0.1660451,0.8339006
1.5392525e-05,0.78628844,0.21369617
2.124642e-06,0.15060964,0.8493882
2.5968805e-07,0.99854505,0.0014546829
1.8067184e-06,0.0639917,0.9360065
1.1528264e-07,0.99929905,0.0007008653
6.73415e-07,0.99675995,0.003239365
3.9926954e-06,0.87110955,0.1288865
1.294224e-06,0.9967949,0.003203854
2.5767074e-08,0.9998535,0.00014654233
4.0817986e-06,0.8765089,0.12348703
1.6325024e-05,0.11654487,0.88343877
1.7579008e-06,0.9814519,0.018546341
1.2366261e-06,0.99947256,0.00052623136
1.1506552e-05,0.08434841,0.91564006
2.0939906e-05,0.158331,0.841648
9.829236e-07,0.9960829,0.0039161737
1.6178895e-07,0.9992557,0.000744094
7.766709e-06,0.84396493,0.15602735
6.382663e-06,0.8773682,0.1226254
2.3458997e-06,0.007971383,0.99202627
3.259622e-05,0.9437663,0.056201093
2.8535203e-06,0.40304685,0.5969503
2.51034e-06,0.99829596,0.0017015863
9.012167e-08,0.9997633,0.00023653846
2.7218168e-06,0.91344994,0.086547375
2.501997e-07,0.99755436,0.002445429
1.558237e-07,0.9993049,0.0006949806
7.1314125e-06,0.0056089247,0.99438393
3.483272e-05,0.22270454,0.77726054
2.175487e-06,0.97094256,0.02905524
0.00023679658,0.57379484,0.42596835
1.2592433e-05,0.6519056,0.34808174
1.8169374e-05,0.00046785217,0.999514
1.7628548e-06,0.76970047,0.23029786
1.28668225e-05,0.019258669,0.98072845
2.1355595e-06,0.98994374,0.010054103
1.8350502e-07,0.999605,0.00039476383
6.642269e-06,0.9746968,0.025296548
2.4054061e-06,0.7654991,0.23449852
1.2158307e-05,0.45105216,0.54893565
5.660159e-06,0.31960657,0.68038774
1.0340833e-08,0.9999558,4.425899e-05
6.2207455e-06,0.9126512,0.08734256
2.7511308e-07,0.99723744,0.0027623135
0.001134731,0.9628671,0.035998095
1.9841976e-07,0.99842703,0.0015727343
1.1719101e-06,0.9406484,0.05935056
1.1016321e-05,0.982127,0.017862022
2.9725e-07,0.0034688907,0.99653083
6.9521957e-07,0.9964044,0.0035949545
2.2539783e-05,0.0282703,0.97170717
6.536314e-05,0.9905033,0.009431306
2.195528e-05,0.8672774,0.13270065
2.3130015e-06,0.50918424,0.49081346
4.560212e-06,0.42795247,0.57204294
7.158158e-05,0.7024295,0.29749897
6.270051e-08,0.9999349,6.494759e-05
6.5218524e-06,0.8955477,0.10444572
1.781833e-07,0.99869615,0.0013037451
9.4360354e-07,0.008764502,0.99123454
3.4127725e-06,0.7803758,0.21962076
1.874982e-06,0.15172178,0.8482763
0.00020962699,0.005578909,0.9942115
2.5235515e-05,0.7241811,0.27579367
1.4160015e-07,0.9994388,0.0005610499
5.8130652e-05,0.9950519,0.00488995
6.9975925e-08,0.9998648,0.0001350874
1.1810731e-05,0.028037034,0.9719511
7.9993873e-07,0.08871742,0.9112817
3.9454414e-07,0.99475443,0.0052451775
2.4228598e-07,0.009833512,0.99016625
7.888337e-06,0.058258023,0.94173414
2.4141727e-06,0.9905923,0.009405341
5.37261e-05,0.00057269377,0.9993736
8.570803e-08,0.9986129,0.0013869808
2.8614384e-06,0.98246366,0.017533509
4.0113322e-05,0.019004077,0.9809558
2.518484e-06,0.99626285,0.0037346461
1.8968444e-06,0.9782305,0.021767706
8.661271e-06,0.30179256,0.69819874
2.3776424e-06,0.13310948,0.86688817
0.00014888878,0.023926463,0.9759246
1.7032893e-05,0.008053044,0.99193
4.9336712e-08,0.99929166,0.00070832815
6.2249836e-07,0.9903983,0.009601165
3.7336355e-05,0.5493656,0.45059714
9.98658e-05,0.6722582,0.32764193
1.5881478e-06,0.79295826,0.20704015
4.7772573e-06,0.905723,0.094272256
4.4277917e-07,0.9964329,0.0035665957
3.3002596e-06,0.9883215,0.011675218
3.291999e-05,0.71337926,0.28658786
1.4848442e-06,0.9536059,0.04639261
8.439108e-05,0.05490286,0.94501275
1.272402e-05,0.50330675,0.49668044
4.3805553e-06,0.00056572974,0.9994299
0.0011250206,0.043117587,0.9557574
2.4871239e-05,0.136331,0.8636441
1.0459535e-05,0.36261362,0.63737595
2.4095309e-07,0.99849534,0.0015044203
2.611214e-06,0.0031276057,0.99686974
7.941399e-08,0.99940467,0.00059524586
1.0310208e-06,0.9947055,0.0052934615
9.860738e-06,0.0008648048,0.9991253
1.811266e-05,0.85850644,0.14147545
1.0320916e-05,0.00106727,0.99892247
7.2160715e-06,0.47539285,0.52459985
8.5624215e-06,0.018688992,0.98130244
2.2592362e-06,0.047530614,0.9524672
1.0778479e-06,0.9903661,0.0096328
3.8061678e-06,0.9973484,0.0026477377
1.6695883e-06,0.935418,0.06458032
1.1188645e-06,0.97733945,0.02265944
0.0011250206,0.043117587,0.9557574
2.2134515e-08,0.99994993,5.0122115e-05
3.5279832e-08,0.9998566,0.00014335729
1.1069327e-05,0.9817555,0.018233398
1.1038244e-05,0.9870723,0.012916676
1.87104e-07,0.9984456,0.0015541897
